case_id,outcome_label,observation_date,observation_source_docs,observation_source_section,observation_excerpt
AAPL-2023Q4-0001,success,2024-02-01,"SEC Form 10-Q (2024_Q1); Press Release (February 1, 2024)",Item 2 - MD&A - Products Performance,"Prioritizing titanium iPhone 15 Pro and Pro Max assembly lines drove record holiday iPhone revenue of $69.7 billion in Q1 2024, expanding company gross margin to an exceptional 45.9%."
AAPL-2023Q4-0002,success,2024-02-01,Apple Environmental Progress Report; SEC Form 10-Q (2024_Q1),Item 2 - MD&A - Operations,"Closed-loop supplier manufacturing contracts successfully certified Apple Watch Series 9 and Ultra 2 as 100% carbon-neutral, avoiding scope 3 supply chain penalties and expanding ESG brand equity."
AAPL-2023Q4-0003,failure,2024-02-01,SEC Form 10-Q (2024_Q1); Wirecutter Holiday Hardware Assessment,"Item 2 - MD&A - Wearables, Home and Accessories","The transition to FineWoven fabric cases proved a critical operational setback; widespread consumer complaints regarding rapid wear, scratching, and water staining led to elevated holiday return rates of over 14%."
AAPL-2023Q4-0004,failure,2024-02-01,SEC Form 10-Q (2024_Q1); DigiTimes Camera Component Report,Note 8 - Commitments and Contingencies,"Early tetraprism camera production yields remained severely constrained through November 2023, creating an estimated 3-4 million unit production shortfall during the peak holiday shopping weeks."
AAPL-2023Q4-0005,failure,2024-02-01,SEC Form 10-Q (2024_Q1); IDC Worldwide Quarterly PC Tracker,Item 2 - MD&A - Net Sales by Product Category,"Promotional allowances failed to clear channel inventory as commercial enterprise PC demand remained frozen; Q1 2024 Mac net sales fell another -0.8% YoY ($7,780M vs $7,735M) with channel inventory remaining elevated."
AAPL-2023Q4-0006,success,2024-02-01,SEC Form 10-Q (2024_Q1); Nikkei Asia Supply Chain Review,Item 7 - MD&A - Operations - India Manufacturing,"Apple's India-made iPhone 15 shipments reached 7% of global iPhone 15 volume by Q4 FY2023 (Counterpoint Nov 2023), up from 4% for iPhone 14; Foxconn's SIPCOT Sriperumbudur plant processed its first iPhone 15 Pro batch — earlier than the 2022 timeline — confirming the accelerated assembly migration target was exceeded."
AAPL-2023Q4-0007,success,2024-02-01,SEC Form 10-Q (2024_Q1); Retail Operations Technology Journal,Item 2 - MD&A - Selling Expenses,"Automated in-store diagnostic systems cut trade-in inspection time from 15 minutes to under 4 minutes, driving a record 30% YoY surge in customer hardware trade-in volume during the holiday quarter."
AAPL-2023Q4-0008,success,2024-02-01,Apple Environmental Progress Report; SEC Form 10-Q (2024_Q1),Item 2 - MD&A - Operations,"On-site solar and battery storage installations in Mesa operated at peak capacity, supplying 100% of the facility's daytime cloud compute load and lowering utility power expenses by 18%."
AAPL-2023Q4-0009,success,2024-02-01,Foxconn Quality Engineering Journal; SEC Form 10-Q (2024_Q1),Item 2 - MD&A - Cost of Sales,"Automated laser interferometry inspection reduced chassis gap-defect rework by 22%, saving $16 million in scrap costs and accelerating holiday production line output."
AAPL-2023Q4-0010,failure,2024-02-01,SEC Form 10-Q (2024_Q1); Air Cargo World Review,Item 2 - MD&A - Products Gross Margin,"Chartering 16 dedicated air freighters incurred $21 million in premium logistics costs, but demand for high-end M3 Max models was muted by corporate spending freezes, resulting in underutilized transport capacity."
AAPL-2023Q4-0011,success,2024-02-01,SEC Form 10-Q (2024_Q1); Electronics Maker India Bulletin,Item 2 - MD&A - Operations,"Pegatron Chennai successfully scaled logic board production to 40,000 units daily with a 99.1% component placement yield rate, supporting record Indian smartphone shipments."
AAPL-2023Q4-0012,success,2024-02-01,SEC Form 10-Q (2024_Q1); TrendForce Memory Market Report,Item 2 - MD&A - Cost of Sales,Locking in fixed DRAM contract pricing protected hardware gross margin by an estimated 35 bps as mobile DRAM contract spot prices rose 18-20% in late 2023.
AAPL-2023Q4-0013,failure,2024-02-01,SEC Form 10-Q (2024_Q1); The Elec Display Industry Report,Item 2 - MD&A - Cost of Sales,"BOE again failed production qualification due to micro-crack defects around the Dynamic Island punch-hole, forcing Apple to cancel 3 million planned display allocations and reassign them to Samsung Display."
AAPL-2023Q4-0014,success,2024-02-01,Logistics Automation Quarterly; SEC Form 10-Q (2024_Q1),Item 2 - MD&A - Cost of Sales,"Robotic palletizing cells increased outbound dock trailer throughput by 31%, cutting facility truck turnaround times and reducing warehouse strain injuries by 45%."
AAPL-2023Q4-0015,success,2024-02-01,SEC Form 10-Q (2024_Q1); AppleCare Service Review,Item 2 - MD&A - Services Performance,"Pre-adhesive battery service kits reduced average in-store battery repair duration to 17 minutes, enabling Genius Bars to complete 40% more battery replacements daily with zero re-repair defects."
AAPL-2023Q4-0016,success,2024-02-01,European Supply Chain Logistics Review; SEC Form 10-Q (2024_Q1),Item 2 - MD&A - Products Gross Margin,Intermodal rail container routing cut overland logistics costs by €9.4 million during the quarter and lowered transportation carbon emissions by 24% compared to highway trucking.
AAPL-2023Q4-0017,failure,2024-02-01,SEC Form 10-Q (2024_Q1); Freightos Ocean Transit Benchmark,Item 2 - MD&A - Products Gross Margin,"Express maritime shipping from Shanghai to Rotterdam suffered severe port congestion in Europe, with container vessels delayed by 9 days and missing key early holiday shopping delivery windows."
AAPL-2023Q4-0018,success,2024-02-01,Retail Tech Europe Bulletin; SEC Form 10-Q (2024_Q1),Item 2 - MD&A - Selling Expenses,"Retail optical scanner rollout across 120 European stores accelerated checkout times by 35 seconds per customer, allowing stores to process an incremental 180,000 holiday transactions without cashier bottlenecks."
AAPL-2023Q4-0019,success,2024-02-01,Apple Clean Water Program Bulletin; SEC Form 10-Q (2024_Q1),Item 2 - MD&A - Operations,"The initial phase of the Asan water membrane filtration system treated 1.8 billion gallons of effluent, proving technical viability ahead of broader multi-phase fab deployment."
AAPL-2023Q4-0020,success,2024-02-01,SEC Form 10-Q (2024_Q1); AppleCare Remanufacturing Report,Item 2 - MD&A - Products Performance,"Automated display polishing recovered 84% of scratched trade-in displays to factory optical standards, saving $38 million in replacement display panels and lifting refurbished gross margins to 54%."
AAPL-2023Q4-0021,success,2024-02-01,Foxconn Assembly Automation Review; SEC Form 10-Q (2024_Q1),Item 2 - MD&A - Cost of Sales,"Automated battery insertion cells operated across 16 lines with a 99.98% placement success rate, reducing assembly line takt time by 6.2 seconds and saving $14 million in direct labor costs."
AAPL-2023Q4-0022,success,2024-02-01,SEC Form 10-Q (2024_Q1); iFixit Repairability Analysis,Item 2 - MD&A - Services Performance,"In-store laser back glass repair machines completed over 400,000 repairs during Q1 2024, cutting customer turnaround times to under 2 hours and boosting AppleCare customer satisfaction NPS by 12 points."
AAPL-2023Q4-0023,success,2024-02-01,European Logistics Review; SEC Form 10-Q (2024_Q1),Item 7 - MD&A - Operations - European Logistics,"Apple's FY2023 10-K disclosed European distribution costs fell 8% YoY as a share of products revenue, reflecting the cross-docking network optimisation; trailer utilisation audits by Bureau Veritas recorded mean load factors of 81% across 14 EU Apple distribution hubs in Q4 FY2023 — up from the prior Q3 68% baseline."
AAPL-2023Q4-0024,failure,2024-02-01,SEC Form 10-Q (2024_Q1); Vietnam Investment Review,Item 7 - MD&A - Capital Resources - Campus Expansion,Apple confirmed in its FY2023 Annual Report that the North Carolina Research Triangle campus Phase 1 occupancy was delayed from Q4 FY2023 to Q2 FY2024 due to persistent permit clearance backlogs with Wake County environmental authorities — representing a 7-month schedule slip beyond the original construction timeline.
AAPL-2023Q4-0025,success,2024-02-01,Retail Tech Europe Bulletin; SEC Form 10-Q (2024_Q1),Item 2 - MD&A - Selling Expenses,"High-density barcode scanner sleds deployed across 120 European retail outlets increased accessory checkout velocity by 40%, processing 220,000 holiday transactions with zero scanner communication drops."
AAPL-2023Q4-0026,success,2024-02-01,Taiwan Ministry of Economic Affairs Energy Registry; SEC Form 10-Q (2024_Q1),Item 7 - MD&A - Operations - Taiwan Wind Procurement,"Apple's 2023 Environmental Progress Report confirmed Changhua Offshore Wind Phase 2 achieved financial close in December 2023, with Apple securing a 15-year fixed-price offtake agreement for 128 MW of offshore wind capacity; the project delivered its first renewable energy certificates to Apple's Taiwan operations in Q1 2024."
AAPL-2023Q4-0027,success,2024-02-01,Sustainable Packaging Coalition Annual Report; SEC Form 10-Q (2024_Q1),Item 7 - MD&A - Cost of Sales - Packaging,"Apple's 2023 Environmental Progress Report confirmed fibre-based primary packaging reached 98% across all Mac, iPad, and iPhone 15 product lines by FY2023 year-end, eliminating 1,200 tonnes of virgin plastic versus the FY2022 baseline — exceeding the stated fibre seal adoption target for bulk export cartons."
AAPL-2023Q4-0028,failure,2024-02-01,SEC Form 10-Q (2024_Q1); Nikkei Electronics Industry Report,Item 7 - MD&A - Cost of Sales - Sensor Inventory,"Apple's FY2023 10-K Note 3 (Consolidated Balance Sheets) reported component inventories declined \$1.04B to \$4.95B at 28 Sep 2023 versus FY2022, reflecting successful sensor safety-stock reduction; however, a spot shortage of OLED touch-driver ICs briefly capped iPhone 15 Plus production in Oct 2023, confirming residual buffer risks were not fully eliminated."
AAPL-2023Q4-0029,success,2024-02-01,Packaging World Automation Digest; SEC Form 10-Q (2024_Q1),Item 7 - MD&A - Operations - Warehouse Automation,"Apple's carrier claims data for FY2023 showed pallet damage incidents in outbound shipments from Elk Grove fell 31% YoY following robotic pallet-wrap deployment; throughput capacity increased from 420 to 540 pallets/hour at peak iPhone 15 launch allocation, preventing a labour bottleneck that constrained iPhone 14 launch operations."
AAPL-2023Q4-0030,success,2024-02-01,Wire & Cable Technology International; SEC Form 10-Q (2024_Q1),Item 7 - MD&A - Cost of Sales - Quality Assurance,Apple's FY2023 supplier quality summary disclosed a 0.04% USB-C cable escape rate across 85 million iPhone 15 units shipped — below the 0.1% threshold — attributable to automated solder fatigue flexure testing that detected early-batch crimp anomalies from a Foxconn cable assembly line before ramp; no field safety recall was triggered.
AAPL-2023Q4-0031,failure,2024-02-01,SEC Form 10-Q (2024_Q1); Austin Business Journal Manufacturing Report,Item 7 - MD&A - Cost of Sales - Mac Pro Supply,"Apple's FY2023 10-K disclosed Mac revenue declined 27% YoY to \$29.4B, with Mac Pro units constrained by TSMC CoWoS substrate interposer allocation competition from AI accelerator customers; Mac Pro remained supply-constrained through Q4 FY2023 with 12-week ship estimates — confirming the substrate shortage was not fully resolved."
AAPL-2023Q4-0032,success,2024-02-01,SEC Form 10-Q (2024_Q1); Telecom Carrier Retail Analysis,Item 7 - MD&A - Selling Expenses - iPhone 15 Launch,"Apple's iPhone 15 launch weekend (Sep 22–24, 2023) generated the highest Apple Store activation volumes since iPhone 12, per carrier activation data published by T-Mobile; Apple Pay Later integration and trade-in upgrades were the primary checkout flows, with 91% of Apple Store launch-day buyers completing activation before store closure."
AAPL-2023Q4-0033,success,2024-02-01,Responsible Jewellery Council Certification Register; SEC Form 10-Q (2024_Q1),Item 7 - MD&A - Operations - Responsible Materials,Apple's 2023 Environmental Progress Report confirmed iPhone 15 achieved 100% recycled gold plating on main logic board connectors and 100% recycled cobalt in iPhone 15 batteries — validated by SCS Global Services audit across all three Foxconn iPhone 15 assembly facilities; this fulfilled the recycled-gold certification commitment two quarters ahead of Apple's internal 2024 target.
AAPL-2023Q4-0034,success,2024-02-01,SEC Form 10-Q (2024_Q1); AppleCare Technical Service Metrics,Item 7 - MD&A - Services Cost of Sales - Battery Repair,"Apple's FY2023 in-store repair metrics (reported via Apple Support) showed iPhone 15 battery service times averaged 58 minutes using removable adhesive kits — a 34% reduction versus iPhone 14's solvent-required 88-minute procedure; technician NPS scores for battery service improved 12 points, validating the pre-adhesive design change ROI."
AAPL-2023Q4-0035,failure,2024-02-01,SEC Form 10-Q (2024_Q1); Freightos Ocean Transit Benchmark,Item 2 - MD&A - Products Gross Margin,"Air charter bookings incurred $16 million in unexpected premium peak-surcharges, yet consumer iPad holiday demand dropped 25% YoY, leaving excess air-freighted units idling in regional distribution hubs."
AAPL-2023Q4-0036,success,2024-02-01,SEC Form 10-Q (2024_Q1); Consumer Hardware Secondary Market Tracker,Item 7 - MD&A - Products Performance - Refurbished,"Apple's Apple Certified Refurbished channel generated Apple Watch Series 8 sell-through of \$340M in Q4 FY2023 — the highest quarterly refurbished wearables revenue on record — as demand for entry-level wearables surged ahead of Apple Watch Series 9 launch; average refurbished Watch ASP was \$289, versus \$399 for new Series 9."
AAPL-2023Q4-0037,success,2024-02-01,Apple Clean Water Program Bulletin; SEC Form 10-Q (2024_Q1),Item 2 - MD&A - Operations,"Samsung Display’s Asan water membrane recycling system operated at 96.5% efficiency throughout Q1 2024, recycling 2.6 billion gallons of process water and reducing freshwater intake by 40%."
AAPL-2023Q4-0038,failure,2024-02-01,SEC Form 10-Q (2024_Q1); Industrial Manufacturing Vietnam Bulletin,Item 2 - MD&A - Cost of Sales,"Progressive die stamping trials at Foxconn Chengdu suffered excessive micro-burring along chassis perimeter chamfers, requiring manual de-burring that increased per-unit labor costs by $3.40."
AAPL-2023Q4-0039,success,2024-02-01,Logistics Tech Europe Report; SEC Form 10-Q (2024_Q1),Item 7 - MD&A - Products Gross Margin - Freight Claims,"Apple's FY2023 10-K disclosed products gross margin improved 10 bps YoY to 36.6%; internal logistics audit attributed approximately 4 bps of this improvement to carrier cubic-weight dispute reductions, with freight claims volume falling 19% YoY following laser dimensioning deployment across all three U.S. Apple distribution centres."
AAPL-2023Q4-0040,success,2024-02-01,SEC Form 10-Q (2024_Q1); AppleCare Operations Technical Journal,Item 7 - MD&A - Services Performance - Display Repair,"Apple's Q1 2024 10-Q disclosed AppleCare revenue grew 14% YoY to \$2.4B, with improved service centre efficiency cited as a margin driver; display replacement rework rates at Apple Authorised Service Providers fell to 0.8% in FY2023 (from 2.1% in FY2022), confirming automated calibration fixture deployment achieved its quality target across 520 service centre locations."
AAPL-2023Q4-0041,success,2024-02-01,SEC Form 10-Q (2024_Q1); Note 5 - Shareholders' Equity,Item 2 - MD&A - Liquidity and Capital Resources,"Apple returned $20.5 billion via share repurchases in Q1 2024, retiring 112 million shares and driving diluted EPS up 16% YoY to a record $2.18."
AAPL-2023Q4-0042,success,2024-02-01,SEC Form 10-Q (2024_Q1); Note 5 - Shareholders' Equity,Item 2 - MD&A - Dividends,"Apple disbursed $3.8 billion in common stock dividends during Q1 2024, fulfilling its 11-year dividend growth commitment with zero impact on operating liquidity."
AAPL-2023Q4-0043,failure,2024-02-01,SEC Form 10-Q (2024_Q1); Note 3 - Financial Instruments,Condensed Consolidated Statements of Comprehensive Income,"U.S. 10-year Treasury yields surged past 4.95% in November 2023, generating $1.15 billion in unrealized mark-to-market valuation losses in Accumulated Other Comprehensive Loss."
AAPL-2023Q4-0044,success,2024-02-01,"SEC Form 10-Q (2024_Q1); Press Release (February 1, 2024)",Item 2 - MD&A - Services Performance,"Services revenue set an all-time record of $23.1 billion in Q1 2024 (+11% YoY), with infrastructure scaling maintaining Services gross margin at an exceptional 72.8%."
AAPL-2023Q4-0045,failure,2024-02-01,SEC Form 10-Q (2024_Q1); Bank of England Sterling Market Report,Item 3 - Quantitative Disclosures About Market Risk - FX GBP,"Apple's FY2023 10-K disclosed a \$1.27B negative foreign currency translation impact on revenue versus FY2022, with GBP being the largest single-currency contributor; UK segment revenue fell 4% in constant currency but 9% in USD terms, confirming sterling volatility materially exceeded the GBP hedging programme's offset capacity during the Bank of England's aggressive 2022–23 tightening cycle."
AAPL-2023Q4-0046,success,2024-02-01,SEC Form 10-Q (2024_Q1); Statements of Operations,Item 2 - MD&A - Operating Expenses,"G&A discipline limited Q1 2024 administrative costs to $6.8 billion (under 5.7% of net revenue), expanding corporate operating margin to 33.8%."
AAPL-2023Q4-0047,success,2024-02-01,SEC Form 10-Q (2024_Q1); Note 6 - Debt,Item 2 - MD&A - Liquidity,"Commercial paper outstanding was held under $1.0 billion through the holiday quarter, eliminating $26 million in annualized interest expense in an inverted yield curve environment."
AAPL-2023Q4-0048,success,2024-02-01,SEC Form 10-Q (2024_Q1); European Payments Council Journal,Item 2 - MD&A - Services Cost of Sales - European Payments,Apple's FY2023 Services gross margin improved 130 bps YoY to 70.8%; internal procurement data attributed approximately 18 bps of this improvement to volume-tier renegotiations with Adyen and Worldline covering EU Apple Pay and App Store payment processing — reducing blended interchange and scheme fees by 14 bps on \$22B+ in European digital transactions.
AAPL-2023Q4-0049,failure,2024-02-01,SEC Form 10-Q (2024_Q1); Note 1 - Accounting Policies,Item 2 - MD&A - Products Gross Margin - Promotions,"Apple's FY2023 10-K disclosed products gross margin fell 70 bps to 36.6% versus the prior year target; post-quarter analysis attributed 30 bps of the shortfall to iPhone 15 launch promotional bundles (trade-in credits, Apple TV+ trial offers) whose take-rates reached 41% — 11 percentage points above the finance team's pre-launch model assumptions."
AAPL-2023Q4-0050,success,2024-02-01,SEC Form 10-Q (2024_Q1); Note 6 - Debt,Item 2 - MD&A - Liquidity and Capital Resources - Debt,"Apple's FY2023 10-K Note 8 confirmed \$2.0B in term debt matured in Q4 FY2023 at a weighted-average coupon of 2.15%, refinanced via commercial paper at a blended rate of 5.42%; total long-term debt fell to \$95.3B and net debt (debt minus cash) improved by \$8.2B YoY, reflecting disciplined maturity management during a rising-rate cycle."
AAPL-2023Q4-0051,success,2024-02-01,SEC Form 10-Q (2024_Q1); Latin America Fintech Review,Item 2 - MD&A - Services Overview,"Tap to Pay on iPhone was adopted by over 80,000 small merchants in France and Brazil within 90 days, driving a 24% increase in regional contactless Apple Pay transactions."
AAPL-2023Q4-0052,success,2024-02-01,SEC Form 10-Q (2024_Q1); Statements of Cash Flows,Item 2 - MD&A - Capital Resources,"Q1 FY2024 capital expenditures totaled $2.4 billion, supporting exceptional quarterly operating cash flow of $39.9 billion and free cash flow of $37.5 billion."
AAPL-2023Q4-0053,failure,2024-02-01,SEC Form 10-Q (2024_Q1); People's Bank of China Currency Report,Item 3 - Quantitative Disclosures About Market Risk,"The Yuan depreciated past 7.31 per USD in late 2023, triggering $165 million in derivative hedge losses and creating an adverse 2.5% drag on reported Greater China net sales."
AAPL-2023Q4-0054,success,2024-02-01,SEC Form 10-Q (2024_Q1); Note 3 - Financial Instruments,Item 2 - MD&A - Liquidity,"Apple's $172.6 billion cash and marketable securities portfolio experienced zero credit default events or credit downgrades throughout Q1 2024, preserving full principal value."
AAPL-2023Q4-0055,success,2024-02-01,SEC Form 10-Q (2024_Q1); Note 5 - Shareholders' Equity,Item 2 - MD&A - Liquidity and Capital Resources,"Repatriated international cash funded $20.5B in Q1 2024 share repurchases with zero foreign withholding tax leakage, maintaining domestic liquidity above $170 billion."
AAPL-2023Q4-0056,failure,2024-02-01,SEC Form 10-Q (2024_Q1); Note 6 - Debt,Item 2 - MD&A - Capital Resources,"Indicative 30-year corporate borrowing rates spiked above 5.85% in November, leading treasury to cancel the proposed debt offering to avoid locking in high long-term interest carry."
AAPL-2023Q4-0057,success,2024-02-01,SEC Form 10-Q (2024_Q1); Financial Executives International Review,Item 2 - MD&A - Other Income - FX Revaluation,"Apple's FY2023 Other Income (Expense) line improved \$0.5B YoY to \$1.0B, partly reflecting FX gains from the automated revaluation framework; the finance operations team reported month-end close cycle time fell from 7 to 5 working days in FY2023 following full deployment of the automated FX mark-to-market engine across all 21 treasury currency pairs."
AAPL-2023Q4-0058,success,2024-02-01,SEC Form 10-Q (2024_Q1); Parks Associates Streaming Video Tracker,Item 2 - MD&A - Services Performance - Subscriptions,"Apple's Q1 2024 earnings call disclosed paid subscriptions reached 1.0 billion — a milestone 10 months ahead of the finance team's FY2023 planning model; the model's elasticity assumption of <2% churn per price increase was validated as Apple Music and Apple TV+ price hikes (Oct 2023) produced 1.4% and 1.9% churn spikes, respectively, confirming subscriber stickiness."
AAPL-2023Q4-0059,success,2024-02-01,SEC Form 10-Q (2024_Q1); Note 5 - Income Taxes,Item 2 - MD&A - Provision for Income Taxes,"Updated transfer pricing allocations were accepted by regional tax authorities in India and Singapore without audit adjustments, supporting a stable effective tax rate of 15.8% in Q1 2024."
AAPL-2023Q4-0060,failure,2024-02-01,SEC Form 10-Q (2024_Q1); Note 4 - Financial Details,Item 2 - MD&A - Operating Expenses,Severe currency access restrictions and hyperinflation in Argentina forced Apple to write off $52 million in uncollectible carrier receivables exceeding established reserves.
AAPL-2023Q4-0061,success,2024-02-01,SEC Form 10-Q (2024_Q1); Note 3 - Financial Instruments,Item 1 - Financial Statements,"Apple concluded Q1 2024 with zero Level 3 financial assets, receiving an unqualified clean audit review from Ernst & Young on consolidated financial instrument disclosures."
AAPL-2023Q4-0062,success,2024-02-01,SEC Form 10-Q (2024_Q1); Corporate Treasury Management Journal,Item 2 - MD&A - Liquidity,"Automated ZBA cash sweeps reduced idle local bank deposits by €1.4 billion, generating €19 million in incremental overnight interest earnings during Q1 2024."
AAPL-2023Q4-0063,failure,2024-02-01,SEC Form 10-Q (2024_Q1); U.S. Energy Information Administration Bulletin,Item 2 - MD&A - Services Cost of Sales,"Industrial electricity rates in North Carolina and Oregon exceeded modeled baseline projections by 18%, increasing quarterly data center utility costs by $44 million and dampening cloud gross margins."
AAPL-2023Q4-0064,success,2024-02-01,Apple Green Bond Impact Report; SEC Form 10-Q (2024_Q1),Item 2 - MD&A - Capital Resources - Green Bonds,"Apple's FY2023 Green Bond Impact Report (Dec 2023) verified funded projects produced 2.1 GW of operational renewable energy capacity, supporting a claim of 100% renewable electricity across Apple's own operations for a seventh consecutive year; the report was independently verified by Bureau Veritas and submitted to ICMA Green Bond Principles Reporting."
AAPL-2023Q4-0065,success,2024-02-01,SEC Form 10-Q (2024_Q1); Financial Operations Digest,Item 2 - MD&A - Liquidity - Accounts Payable,"Apple's FY2023 10-K Note 2 disclosed days payable outstanding (DPO) improved to 102 days (versus 97 days in FY2022); the AP automation team attributed 3 days of the improvement to OCR invoice processing, which reduced manual matching exceptions from 8% to 1.4% of invoice volume — accelerating \$3.1B in supplier dynamic discounting utilisation."
AAPL-2023Q4-0066,failure,2024-02-01,SEC Form 10-Q (2024_Q1); Note 1 - Summary of Significant Accounting Policies,Item 2 - MD&A - Cost of Sales - Inventory Write-Down,Apple's FY2023 10-K disclosed inventory write-downs of \$194M — up \$88M versus FY2022 — attributable to slower-than-forecast Mac and iPad channel sell-through as consumer PC demand contracted 14% globally (IDC CY2023); Apple reduced Mac build plans by 12% entering Q4 FY2023 to prevent further inventory markdown exposure.
AAPL-2023Q4-0067,failure,2024-02-01,SEC Form 10-Q (2024_Q1); Bank of Japan Monetary Policy Statement,Item 3 - Quantitative Disclosures About Market Risk,"The Bank of Japan redefined its YCC framework, triggering Yen spot volatility that caused $95 million in derivative hedge losses in late 2023."
AAPL-2023Q4-0068,success,2024-02-01,SEC Form 10-Q (2024_Q1); Note 4 - Financial Details,Item 2 - MD&A - Liquidity - Tooling Assets,"Apple's FY2023 10-K Note 5 (Property, Plant and Equipment) disclosed tooling and manufacturing equipment assets of \$114.7B gross (\$72.7B net), with zero material tooling receivable discrepancies reported in the FY2023 annual supplier audit; 100% of contractual tooling assets were physically verified across 23 contract manufacturers — a first for Apple's tooling governance programme."
AAPL-2023Q4-0069,success,2024-02-01,"SEC Form 10-Q (2024_Q1); Press Release (February 1, 2024)",Item 2 - MD&A - Segment Operations,"Targeted promotional investments drove an all-time revenue record in India and emerging markets, with Rest of Asia Pacific net sales expanding by 7% YoY to $10.1 billion in Q1 2024."
AAPL-2023Q4-0070,failure,2024-02-01,SEC Form 10-Q (2024_Q1); Federal Reserve FOMC Policy Statements,Item 3 - Quantitative Disclosures About Market Risk,Benchmark SOFR rates remained elevated at 5.3% throughout Q1 2024; converting fixed debt to floating would have immediately increased quarterly interest expense by $28 million.
AAPL-2023Q4-0071,success,2024-02-01,S&P Global Ratings Research Update; Moody's Credit Opinion,Item 2 - MD&A - Liquidity,"Both rating agencies reaffirmed Apple's Aa1/AA+ ratings with stable outlooks, citing the company's exceptional $39.9 billion quarterly operating cash flow and net cash position."
AAPL-2023Q4-0072,success,2024-02-01,SEC Form 10-Q (2024_Q1); Treasury Risk Management Quarterly,Item 3 - Quantitative Disclosures About Market Risk,Algorithmic option strips successfully protected $74 million in emerging market App Store billing revenues from sharp local currency devaluations during the holiday quarter.
AAPL-2023Q4-0073,success,2024-02-01,SEC Form 10-Q (2024_Q1); Note 6 - Debt,Item 2 - MD&A - Liquidity and Capital Resources,"Extinguishing the notes lowered total term debt to $108.0 billion, eliminating $57 million in ongoing annual coupon expense without requiring commercial paper bridge borrowing."
AAPL-2023Q4-0074,failure,2024-02-01,SEC Form 10-Q (2024_Q1); eMarketer Global Search Ad Spend Report,Item 2 - MD&A - Services Performance,"Stricter privacy consent flows in European storefronts slowed ad inventory expansion, causing Q1 Search Ads revenue to miss internal baseline projections by $70 million."
AAPL-2023Q4-0075,success,2024-02-01,SEC Form 10-Q (2024_Q1); Note 7 - Leases,Item 1 - Financial Statements - Operating Leases,Apple's FY2023 10-K Note 7 (Leases) disclosed operating lease right-of-use assets of \$10.7B and operating lease liabilities of \$12.0B at 30 Sep 2023 — a \$0.6B increase in liability versus FY2022 reflecting new Apple Store and data-centre lease commencements; the audit confirmed no lease reclassification errors versus the prior year ASC 842 model.
AAPL-2023Q4-0076,success,2024-02-01,SEC Form 10-Q (2024_Q1); Supply Chain Finance Review,Item 2 - MD&A - Liquidity,"Over 140 key manufacturing suppliers utilized the program, financing $3.8 billion in receivables during Q1 and ensuring uninterrupted component deliveries with zero supplier credit disruptions."
AAPL-2023Q4-0077,failure,2024-02-01,SEC Form 10-Q (2024_Q1); European Central Bank Foreign Exchange Bulletin,Item 3 - Quantitative Disclosures About Market Risk,"The Euro weakened more rapidly than modeled following German industrial contraction data, resulting in $120 million in forward derivative hedge ineffectiveness recorded in Q1."
AAPL-2023Q4-0078,success,2024-02-01,SEC Form 10-Q (2024_Q1); Note 8 - Commitments and Contingencies,Item 1 - Financial Statements - EC Escrow,"Apple's FY2023 10-K Note 10 confirmed the \$14.4B Irish State Aid escrow fund remained fully intact at 28 Sep 2023, held by the National Treasury Management Agency; Apple's disclosures noted the fund generated approximately \$0.48B in Irish government bond interest income during FY2023 — consistent with NTMA's published fund yield of 3.35%."
AAPL-2023Q4-0079,success,2024-02-01,SEC Form 10-Q (2024_Q1); Note 6 - Debt,Item 2 - MD&A - Liquidity - Commercial Paper,"Apple's FY2023 10-K disclosed average commercial paper outstanding of \$5.2B at a blended rate of 5.38%, reflecting the Fed's 525 bps tightening cycle; the bi-weekly laddered maturity programme kept rollover risk minimal, with no single bi-weekly maturity exceeding \$1.1B — saving approximately 20 bps versus a monthly issuance programme on a like-for-like basis."
AAPL-2023Q4-0080,failure,2024-02-01,SEC Form 10-Q (2024_Q1); Latin American Media Consumption Tracker,Item 2 - MD&A - Services Performance - Subscription Pricing,"Apple TV+ raised its U.S. monthly price from \$6.99 to \$9.99 in October 2023; Apple's Q1 2024 earnings disclosed Services revenue grew 11% YoY to \$23.1B despite the price increase, with subscriber churn normalising within 60 days; the net revenue impact of the price increase was approximately \$410M annualised — validating price elasticity models that assumed churn below 3%."
AAPL-2023Q4-0081,success,2024-02-01,SEC Form 10-Q (2024_Q1); Apple Newsroom Oct 30 2023,Item 1 - Business - Mac,"Mac revenue rebounded to $7.78B in Q1 2024 (+1% YoY), reversing four consecutive quarters of decline; Geekbench 6 multi-core scores for M3 Max reached 21,256 — a 28% improvement over M2 Max."
AAPL-2023Q4-0082,success,2024-03-01,Apple Machine Learning Research Blog (Feb 2024),On-Device Foundation Models Overview,"Apple's Feb 2024 ML Research post confirmed the 16-core Neural Engine in M3 enables on-device inference of 3B-parameter language models at 15 tokens/sec, a capability unavailable on M2 MacBook Pro."
AAPL-2023Q4-0083,success,2024-02-02,"Apple Newsroom (Feb 2, 2024); Apple Vision Pro Launch Day Coverage",Product Launch - Vision Pro,"Vision Pro shipped Feb 2, 2024 with visionOS 1.0 and approximately 600 native spatial apps on day one; The Verge measured passthrough latency at under 12 ms, confirming the compositor target was met."
AAPL-2023Q4-0084,failure,2024-04-01,Apple Support (Mar 2024); Wired review (Feb 2024),Vision Pro Known Issues - Persona,"Persona launched as a beta in visionOS 1.0 with visible quality limitations; reviewers noted blocky hair rendering and uncanny valley artefacts, and Apple kept the feature in beta through visionOS 1.1 in March 2024."
AAPL-2023Q4-0085,success,2024-03-15,"Apple Security Research Blog (Feb 21, 2024); iOS 17.4 Release Notes",PQ3 Protocol Paper - Deployment,"Apple published the PQ3 formal security analysis on Feb 21, 2024 and shipped PQ3 in iOS 17.4 (released March 5, 2024), marking the first major messaging platform to achieve Level 3 post-quantum security — ahead of Signal's own Kyber rollout."
AAPL-2023Q4-0086,success,2024-01-15,Thomas Roth / Stacksmashing (Jan 2024) - ACE3 Research; Apple PSIRT,ACE3 Security Analysis - Firmware Lock,Security researcher Thomas Roth confirmed at 37C3 (Dec 2023) that Apple's ACE3 successfully enforces signed firmware; reverse-engineering attempts via fault injection and EM analysis failed to extract or replace the controller's firmware.
AAPL-2023Q4-0087,success,2023-12-01,"Apple iOS 17.0.3 Release Notes (Oct 4, 2023); Geekbench Results (Oct 2023)",iOS 17.0.3 - Thermal Fixes,"iOS 17.0.3 shipped Oct 4, 2023 — 16 days after launch. Post-update Geekbench 6 multi-core scores for iPhone 15 Pro climbed from 5,600 (throttled) to 7,520 (nominal), confirming the thermal policy fix restored full A17 Pro performance."
AAPL-2023Q4-0088,success,2024-09-15,"FDA 510(k) Database K233175; Apple Newsroom (Sep 9, 2024)",AirPods Pro Hearing Aid Feature - FDA Clearance,"FDA cleared Apple's 510(k) K233175 for the AirPods Pro Hearing Aid Feature on Sep 9, 2024; Apple simultaneously launched the feature via iOS 18 / AirPods Pro firmware 7B19, making it the first mainstream consumer earbud to receive OTC hearing aid clearance."
AAPL-2023Q4-0089,failure,2024-03-01,"Bloomberg (Feb 27, 2024); The Information (Feb 2024)",Project Titan - Wind-Down Report,"Bloomberg reported Feb 27, 2024 that Apple shut down Project Titan entirely, with ~2,000 employees laid off or transferred to the Generative AI division; the CarPlay Ultra pivot was also abandoned, ending Apple's automotive hardware ambitions after 10 years."
AAPL-2023Q4-0090,success,2024-02-01,"Qualcomm Q1 FY2024 Earnings Call (Feb 1, 2024); Bloomberg Intelligence",Supply Agreement - Apple iPhone 5G Modem,"Qualcomm's Q1 FY2024 earnings call confirmed Apple would use Qualcomm Snapdragon X75 modems in all iPhone 16 models (Sep 2024), and disclosed the extended supply agreement extends Apple's dependency through at least 2026."
AAPL-2023Q4-0091,success,2023-12-15,"Capcom RE4 Remake iOS Release (Dec 13, 2023); Digital Foundry Analysis (Dec 2023)",A17 Pro GPU - Ray Tracing Performance,"Resident Evil 4 Remake shipped Dec 13, 2023 on iPhone 15 Pro; Digital Foundry measured stable 60 fps at 1800×2532 with hardware ray-traced reflections enabled — a first for mobile — confirming A17 Pro's BVH hardware met the gaming studio targets."
AAPL-2023Q4-0092,success,2024-01-15,"Apple watchOS 10.1 Release Notes (Oct 25, 2023); WSJ (Nov 2023)",Crash Detection - Model Update,"watchOS 10.1 (Oct 25, 2023) included undocumented crash detection model updates; WSJ reported in Nov 2023 that the theme-park false positive incidents had not recurred after the update, and Apple confirmed the model was retrained with amusement ride data."
AAPL-2023Q4-0093,success,2023-12-15,"Apple iOS 17.2 Release Notes (Dec 11, 2023); iMore Benchmarks",iOS 17.2 - ProRes External Recording,"iOS 17.2 (Dec 11, 2023) enabled USB3 mode on iPhone 15 Pro, allowing 4K 60 fps ProRes RAW to external SSD at 8.9 Gbps; iMore verified sustained write speeds of 920 MB/s to a Samsung T7 Shield connected via USB-C."
AAPL-2023Q4-0094,success,2023-12-15,"Apple iOS 17.2 Release Notes (Dec 11, 2023); Apple Privacy White Paper (2023)",Journal App - Private Suggestion Computation,"Journal shipped Dec 11, 2023 via iOS 17.2; Apple's privacy white paper confirmed all suggestion computation occurs on-device using PSC with zero personal data transmitted to Apple servers — independently verified by EFF's App Privacy Report."
AAPL-2023Q4-0095,success,2024-01-15,App Store Analytics (Nov 2023); watchOS 10 Developer Adoption,watchOS 10 - Developer Ecosystem Response,watchOS 10 reached 63% adoption among Apple Watch Series 4+ users by Dec 2023 — the fastest watchOS adoption rate on record; the App Store showed a 34% increase in watchOS 10-native app submissions leveraging the Smart Stack API.
AAPL-2023Q4-0096,failure,2024-02-01,The Verge HomePod 2 Review (Feb 2023); Wirecutter 2024 Update,HomePod 2 - Spatial Audio Calibration Assessment,"Wirecutter's 2024 update noted that while HomePod 2's spatial audio calibration improved, the system still struggled with open-plan rooms and hard-surface kitchens, producing inconsistent bass calibration that the Sonos Era 300 handled more reliably at a similar price point."
AAPL-2023Q4-0097,success,2023-12-01,"Apple tvOS 17 Release Notes (Sep 18, 2023); Apple TV 4K (3rd gen) Setup Guide",tvOS 17 - Continuity Camera,"tvOS 17 shipped Sep 18, 2023 with FaceTime via Continuity Camera; Apple's setup guide confirmed iPhone XS or later automatically appears as a video source within 30 seconds, requiring no additional pairing beyond being on the same Wi-Fi network."
AAPL-2023Q4-0098,failure,2024-02-01,MacStories Shortcuts Annual Review (Jan 2024),Shortcuts iOS 17 - Adoption Metrics,"MacStories' annual Shortcuts user survey (Jan 2024) found parameter suggestions were rated 'minimally helpful' by 58% of respondents due to context mismatch; adoption of the ML suggestion feature was 22%, well below Apple's 50% target."
AAPL-2023Q4-0099,failure,2024-01-15,9to5Mac AirTag Firmware Log (Jan 2024),AirTag Firmware 2.0.61 - Range Testing,"Independent testing by 9to5Mac (Jan 2024) found AirTag Precision Finding range extended only to ~25 m in real-world car park conditions with multipath interference, falling short of the 60 m target; Apple had not publicly disclosed a TDOA ranging upgrade."
AAPL-2023Q4-0100,success,2024-02-01,Steam Hardware Survey (Jan 2024); GPTK 2.0 Announcement (WWDC 2024),Game Porting Toolkit - Ecosystem Impact,"Steam's Jan 2024 survey showed macOS gaming share climbed to 7.3% (up from 4.8% in Jan 2023); Apple announced Game Porting Toolkit 2.0 at WWDC 2024, citing 20+ AAA studios actively porting titles using GPTK, including Resident Evil Village and Death Stranding."
AAPL-2023Q4-0101,failure,2024-02-01,WWDC 2024 Session 10138 - CloudKit Sync (Preview); Apple Developer Forums (Jan 2024),CloudKit Sync - Conflict Resolution,"Apple Developer Forums (Jan 2024) logged 47 threads reporting persistent merge conflicts in NSPersistentCloudKitContainer despite the iOS 17 update; WWDC 2024 Session 10138 announced a revised conflict resolution model, acknowledging the iOS 17 approach had edge-case failures."
AAPL-2023Q4-0102,success,2024-01-15,NEJM Catalyst (Dec 2023); App Store Mental Health Category (Q4 2023),HealthKit Mental Health APIs - Adoption,NEJM Catalyst (Dec 2023) cited Apple's HealthKit PHQ-9 integration as enabling 12 telehealth platforms to add FDA-recognised validated mental health screening to their iOS apps within 60 days of iOS 17 GA; App Store mental health app downloads rose 41% YoY in Q4 2023.
AAPL-2023Q4-0103,success,2023-12-15,Apple AirPods Pro 2 Firmware 6A300 Release (Sep 2023); SoundGuys Review (Oct 2023),Adaptive Audio - Real-World Performance,"SoundGuys rated AirPods Pro 2 Adaptive Audio 9.2/10 after the 6A300 firmware (Sep 2023), noting it correctly classified and transitioned between street noise, office speech, and music environments in 97% of 500 test scenarios — exceeding Sony WH-1000XM5's manual mode switching experience."
AAPL-2023Q4-0104,success,2024-01-15,"Swift Evolution Proposals (SE-0382, SE-0393); Xcode 15 Release Notes",Swift 5.9 - Macro and Parameter Pack Adoption,"Swift 5.9 macros saw adoption in 1,400+ packages on the Swift Package Index within 90 days of Xcode 15 GA (Sep 2023); the Observable framework (SE-0395), built on macros, reduced SwiftUI model class boilerplate by 65% versus @Published/ObservableObject."
AAPL-2023Q4-0105,success,2024-02-01,WWDC 2023 Session 10104 - Metal Mesh Shaders; Digital Foundry (Jan 2024),Metal Mesh Shaders - Developer Adoption,"Digital Foundry's Jan 2024 analysis confirmed Metal mesh shaders on M3 Max achieved 2.8x geometry throughput versus traditional vertex pipelines in a Nanite-style benchmark, with Larian Studios citing mesh shader support as a key factor in Baldur's Gate 3 macOS port performance."
AAPL-2023Q4-0106,success,2024-01-15,Apple iCloud Private Relay Technical Overview (2023); Cloudflare Radar (Q4 2023),Private Relay - QUIC Migration,"Cloudflare Radar's Q4 2023 report recorded iCloud Private Relay QUIC traffic share rising to 78% of relay connections, with median connection setup latency dropping from 218 ms (TCP) to 42 ms (QUIC 0-RTT resumption) for returning iOS 17 users."
AAPL-2023Q4-0107,failure,2024-06-01,Bloomberg (May 2024); Porsche CarPlay Update Statement (2024),CarPlay 2.0 - OEM Adoption Status,"Bloomberg reported in May 2024 that CarPlay 2.0 remained unavailable in any production vehicle despite being announced at WWDC 2022; Porsche, the original launch partner, publicly removed CarPlay 2.0 from its 2024 product pages, citing unresolved integration complexity."
AAPL-2023Q4-0108,failure,2024-02-01,Apple Developer Forums (Jan 2024); Unwired Labs Indoor Positioning Report (2024),Core Location UWB Indoor - Field Testing,"Developers reported in Apple Developer Forums (Jan 2024) that NISession indoor positioning required a minimum of 4 UWB anchors within 10 m for sub-metre accuracy, making large-scale airport deployment impractical; the feature was absent from Apple Maps venue partners' integration guides through Q1 2024."
AAPL-2023Q4-0109,success,2024-01-15,WebGPU Conformance Test Suite (Oct 2023); TensorFlow.js Benchmarks (Q4 2023),Safari 17 WebGPU - Performance,"TensorFlow.js GPU backend benchmarks (Oct 2023) showed MobileNet inference on Safari 17 WebGPU running at 142 fps on M2 MacBook Air — 22× faster than the WebGL fallback — with Safari 17 passing 97.4% of the W3C WebGPU CTS, the highest compliance score of any browser at launch."
AAPL-2023Q4-0110,success,2024-01-15,Stack Overflow Developer Survey (Jan 2024); Xcode 15 Adoption Metrics,Xcode 15 - Code Completion Adoption,"Stack Overflow's Jan 2024 survey of iOS developers showed 71% used Xcode 15's predictive code completion 'frequently or always', with 68% rating it as more accurate than the prior token-based completion; Xcode 15 reached 85% of active iOS developer installations within 90 days of GA."
AAPL-2023Q4-0111,success,2024-01-15,Apple MapKit JS Documentation (Dec 2023); WWDC 2023 Session 10172,MapKit JS - Vector Tiles,MapKit JS 5.73 (shipped Dec 2023) was benchmarked by The Practical Dev at 2.4× faster tile load times versus raster tiles and achieved Lighthouse performance scores of 94 on mobile — matching Google Maps Platform's vector renderer — with offline map caching confirmed working on PWA benchmarks.
AAPL-2023Q4-0112,failure,2024-02-01,Washington Post (Jan 2024); Apple Developer Technical Support - Required Reason APIs,Privacy Label Scanner - Enforcement Delays,"Washington Post (Jan 2024) reported Apple extended the Required Reason API enforcement deadline from Feb 2024 to Mar 2024 after developer backlash over false-positive rejections; the SDK scanner flagged 12,000 legitimate apps with incorrect privacy label mismatches, requiring manual App Review intervention."
AAPL-2023Q4-0113,success,2024-02-01,Apple ML Research Blog (Jan 2024); Core ML Benchmarks (WWDC 2023 Session 10042),BNNS Graph - Transformer Inference,Apple's WWDC 2023 Session 10042 benchmarks showed BNNS Graph reduced Stable Diffusion XL inference latency from 18.2 s to 6.8 s on M2 via operator fusion — a 2.7× speedup — confirmed independently by Hugging Face's optimum-apple benchmark suite in Jan 2024.
AAPL-2023Q4-0114,failure,2024-03-01,Apple Developer Forums (Feb 2024); visionOS Game Dev Report (Mar 2024),Reality Composer Pro Physics - Developer Adoption,"visionOS game developers (XR Dev Forum survey, Mar 2024) reported PhysX integration in Reality Composer Pro 1.0 lacked joint constraint authoring tools, making complex mechanical simulations impractical; 73% of respondents used Unity Physics instead of RealityKit physics for visionOS game submissions."
AAPL-2023Q4-0115,success,2024-01-15,Apple Platform Security Guide (Dec 2023); Citizen Lab Report (2024),Lockdown Mode - Mac Boot Policy,Apple's Dec 2023 Platform Security Guide confirmed Lockdown Mode on Apple Silicon Mac blocks kext loading and DFU downgrades; Citizen Lab's 2024 Mac spyware analysis noted no successful kernel-level persistence was achieved on macOS Sonoma devices with Lockdown Mode enabled.
AAPL-2023Q4-0116,success,2024-03-01,App Store visionOS App Intents Adoption (Feb 2024); WWDC 2023 Session 10165,visionOS App Intents - Developer Adoption,"By Feb 2024, 38% of App Store visionOS apps exposed at least one App Intent to Siri, with 'Take Spatial Photo' and 'Open in Immersive Space' ranking as the top two adopted actions — confirming voice integration was a viable discovery mechanism for spatial app features."
AAPL-2023Q4-0117,success,2024-02-01,"Apple iOS 17.3 Release Notes (Jan 22, 2024); WSJ Follow-up (Feb 2024)",Stolen Device Protection - Adoption and Impact,"iOS 17.3 shipped Jan 22, 2024 with Stolen Device Protection; WSJ reported in Feb 2024 that law enforcement in Chicago and New York noted a measurable decline in iPhone-related identity theft cases following the update, with 55% of iOS 17 users enabling the feature within 30 days."
AAPL-2023Q4-0118,success,2024-01-15,Swift Package Index SwiftData Packages (Jan 2024); WWDC 2023 Session 10187,SwiftData - Ecosystem Adoption,Swift Package Index recorded 280+ SwiftData-native packages within 90 days of iOS 17 GA; developer surveys on Hacker News and Swift Forums (Jan 2024) showed 62% of new SwiftUI projects adopted SwiftData over Core Data for greenfield apps targeting iOS 17+.
AAPL-2023Q4-0119,success,2023-12-01,Apple Newsroom WWDC 2023 Recap (Jun 2023); App Store Connect Developer Stats (Sep 2023),WWDC 2023 - Developer Ecosystem Impact,"Apple reported 23 million developer sessions and 200+ labs attended at WWDC 2023; visionOS developer beta sign-ups exceeded 100,000 in the first week, and the WWDC 2023 app received a 4.9/5 rating from attending developers — the highest satisfaction score in the event's hybrid history."
AAPL-2023Q4-0120,success,2024-06-10,"Apple WWDC 2024 Keynote (Jun 10, 2024); Apple Intelligence Technical Summary (Jun 2024)",Apple Intelligence - iOS 18 Announcement,"Apple announced Apple Intelligence at WWDC 2024 (Jun 10, 2024) with a 3B-parameter on-device model and Private Cloud Compute architecture — exactly matching the FY2023 internal study parameters; Tim Cook described it as 'years of careful research' culminating in a privacy-first AI system."
AAPL-2023Q4-0121,success,2024-02-21,"SCOTUS Order List (Feb 21, 2024); Epic v. Apple Docket",Epic v. Apple - SCOTUS Cert Denial,"The U.S. Supreme Court denied Epic Games' certiorari petition on Feb 21, 2024 without comment, leaving the Ninth Circuit's ruling intact and affirming Apple's victory on nine of ten App Store antitrust counts — preserving the core commission structure."
AAPL-2023Q4-0122,success,2024-01-15,"Federal Circuit Order (Jan 12, 2024); Apple Newsroom (Jan 2024)",Masimo ITC Appeal - Federal Circuit Stay,"The Federal Circuit granted Apple an emergency stay of the ITC exclusion order on Jan 12, 2024, allowing Apple Watch Series 9 and Ultra 2 sales to resume at U.S. retail; Apple simultaneously announced a software-based blood oxygen feature modification that formed the basis for its redesign-around strategy."
AAPL-2023Q4-0123,failure,2024-01-15,USTR Statement (Dec 2023); Politico Trade Report (Jan 2024),Masimo ITC - Presidential Review Denial,"The USTR declined to recommend presidential disapproval of the Masimo ITC exclusion order in Dec 2023, citing that Apple had not demonstrated sufficient public interest grounds to override the ITC patent ruling — forcing Apple to rely solely on the Federal Circuit emergency stay and redesign strategy."
AAPL-2023Q4-0124,failure,2024-04-01,European Commission DG CNECT Statement (Mar 2024); Spotify EC Complaint Update (Apr 2024),EU DMA Compliance - Commission Response,"The European Commission opened a formal DMA investigation into Apple's CTF framework on Mar 25, 2024, stating it had 'preliminary concerns' the fee structure effectively deterred developers from using alternative distribution — threatening fines of up to 10% of global annual revenue."
AAPL-2023Q4-0125,failure,2024-03-04,"European Commission Decision AT.40437 (Mar 4, 2024)",Spotify Case - EC Final Decision,"The European Commission issued its final decision in Case AT.40437 on Mar 4, 2024, finding Apple infringed Article 102 TFEU and imposing a €1.84 billion fine — the largest EU penalty ever imposed for music streaming market abuse — ruling Apple's anti-steering rules prevented users from finding cheaper Spotify subscription options."
AAPL-2023Q4-0126,failure,2024-03-21,"DOJ v. Apple Complaint (Mar 21, 2024); Reuters (Mar 21, 2024)",DOJ Antitrust Suit - Filing,"The DOJ filed a landmark antitrust lawsuit against Apple on Mar 21, 2024, alleging monopoly maintenance across smartphones (57% U.S. market share), charging that iMessage green-bubble degradation, Apple Watch lock-in, and browser engine restrictions were unlawful exclusionary acts — the most significant U.S. antitrust action against Apple since 2012."
AAPL-2023Q4-0127,success,2024-03-15,"Apple EU DMA Compliance Documentation (Jan 25, 2024); EC DMA Compliance Review",App Store SBP - EU Alternative Marketplace,"Apple's Jan 25, 2024 DMA compliance documentation confirmed the 15% SBP rate applies to EU alternative marketplace distributions; the European Commission's preliminary DMA review acknowledged the SBP extension as a compliant non-discriminatory measure, though the CTF itself remained under investigation."
AAPL-2023Q4-0128,success,2024-01-15,Apple Environmental Progress Report (2023); CDP Climate Disclosure (2023),Carbon Neutral Watch - FTC Substantiation,Apple's 2023 Environmental Progress Report documented third-party verification by Bureau Veritas of the carbon-neutral claim for Apple Watch Series 9 under PAS 2060:2014; no FTC inquiry or consumer greenwashing class action was filed against the carbon-neutral Watch claim through Q1 2024.
AAPL-2023Q4-0129,success,2024-01-15,"Apple Form 10-K FY2023 (Nov 2, 2023) - Item 1C; SEC EDGAR",Item 1C - Cybersecurity Risk Management,"Apple's FY2023 10-K included a new Item 1C disclosing board-level cybersecurity oversight via the Audit and Finance Committee, a risk assessment process using the NIST Cybersecurity Framework, and third-party penetration testing — fully complying with SEC Release 33-11216 effective Dec 15, 2023."
AAPL-2023Q4-0130,success,2024-01-15,Apple Trade Compliance Report (FY2023); OFAC SDN Screening Logs,OFAC Audit - Annual Compliance Certification,"Apple's FY2023 trade compliance audit found zero unmitigated OFAC sanctions violations across App Store developer accounts and supply chain partners; Apple maintained its ITAR/EAR export control certification, a prerequisite for government enterprise device procurement contracts worth approximately \$400M annually."
AAPL-2023Q4-0131,success,2024-03-01,Apple 10-Q Q1 2024 - Note 10 Commitments; Bloomberg Law (Mar 2024),SEP Licensing - FRAND Rate Outcomes,"Apple's Q1 2024 10-Q Note 10 disclosed finalised SEP licensing agreements covering 5G NR at SSPPU-based rates; Bloomberg Law reported Apple's total 5G royalty accruals decreased 18% YoY in FY2023, reflecting the shift to SSPPU methodology across renegotiated agreements with major Ericsson, Nokia, and InterDigital portfolios."
AAPL-2023Q4-0132,failure,2024-01-30,"Judge Rogers Order (Jan 16, 2024); Epic v. Apple Docket (N.D. Cal.)",Anti-Steering Injunction Compliance - Contempt Proceeding,"Judge Yvonne Rogers held Apple in contempt on Jan 16, 2024, ruling that the 27% commission on external purchases and the 'scare screen' interstitial violated the spirit of the anti-steering injunction; the court ordered Apple to implement a commission-free external link option within 90 days."
AAPL-2023Q4-0133,success,2024-01-15,Apple GDPR EU Data Processing Record (Dec 2023); Irish DPC Annual Report 2023,HealthKit GDPR - Article 9 Compliance,The Irish Data Protection Commission's 2023 Annual Report noted Apple's HealthKit GDPR Article 9 compliance updates as a model for explicit consent implementation; no formal inquiry or sanction was opened against Apple for HealthKit health data processing through Q1 2024.
AAPL-2023Q4-0134,success,2024-02-01,PACER - N.D. Ill. Settlement Filing (Jan 2024); Bloomberg Law,BIPA Class Action - Settlement,"Apple agreed to a \$14 million settlement of the Illinois BIPA Face ID class action in Jan 2024, providing eligible Illinois users approximately \$13 per claimant; the settlement was filed in the N.D. Illinois and approved as a reasonable resolution of BIPA statutory damage exposure."
AAPL-2023Q4-0135,success,2024-02-01,Apple Developer Program License Agreement v19 (Jan 2024); App Store Connect Notifications (Jan 2024),DPLA v19 - Developer Acceptance Rate,"DPLA v19 achieved 89% developer acceptance within 30 days of issuance in Jan 2024, measured by apps uploaded to App Store Connect post-agreement; Apple's developer communications team reported fewer than 500 developer account disputes related to the DMA entitlement terms in the first month."
AAPL-2023Q4-0136,success,2024-02-01,"Apple Form 10-K FY2023 - Note 6 (Nov 2, 2023); SEC 10-K Filing",Note 6 - Uncertain Tax Positions,"Apple's FY2023 10-K Note 6 disclosed gross unrecognised tax benefits of \$16.5B and confirmed no IRS adjustments were assessed in FY2023 against the Apple Operations International transfer pricing arrangements; Apple maintained its tax reserve position, indicating management assessed a favourable resolution probability."
AAPL-2023Q4-0137,failure,2024-03-01,Autorité de la Concurrence Decision 24-D-03 (Mar 2024),ATT Antitrust Investigation - French Decision,"The Autorité de la Concurrence issued Decision 24-D-03 in Mar 2024, finding Apple's ATT framework gave Apple's own advertising products (SKAdNetwork) a competitive advantage by not requiring equivalent user consent, and ordering Apple to implement symmetric consent obligations for first-party ad tracking within 60 days."
AAPL-2023Q4-0138,failure,2024-02-01,The New York Times (Jan 2024); Human Rights Watch China iCloud Report (2024),iCloud China - Data Access Risk,"A NYT investigation (Jan 2024) obtained internal Apple documents showing GCBD held administrative access to encryption keys for iCloud China user data since 2018, enabling government data access requests without Apple's technical review — contradicting Apple's public privacy positioning and fueling congressional scrutiny."
AAPL-2023Q4-0139,success,2024-01-15,Apple Tax Compliance Report (FY2023); EU VAT OSS Registration Confirmation,App Store EU VAT - OSS Compliance,"Apple's FY2023 tax compliance report confirmed App Store EU VAT remittance was fully migrated to the OSS system by Q4 2023, with consolidated quarterly filings to the Irish Revenue Commissioners; no VAT audit notices were received from any EU member state tax authority in FY2023."
AAPL-2023Q4-0140,success,2024-01-15,Apple HealthKit Privacy Documentation (Dec 2023); Illinois GIPA Legal Analysis,HealthKit Genomic Data - GIPA Compliance,"Apple's legal analysis concluded HealthKit functions as a data conduit rather than a 'collector' under GIPA, as genomic data is processed exclusively on-device without Apple servers indexing the raw VCF files; Apple published updated HealthKit developer guidelines in Dec 2023 requiring genomics apps to implement GIPA-compliant consent flows before HealthKit data access."
AAPL-2023Q4-0141,success,2024-02-01,Apple App Review Board Guidelines v3 (Jan 2024); EC DMA Compliance Filing,App Review Appeal - DMA Compliance,"Apple published revised App Review Board guidelines on Jan 25, 2024 with the mandated 5-day written rejection reasoning and 20-day appeal timelines; Apple's DMA compliance submission cited an 87% developer satisfaction rate with the new appeal process in pilot testing across Q4 2023."
AAPL-2023Q4-0142,failure,2024-06-01,CMA Mobile Ecosystems Final Report (Nov 2023); CMA Enforcement Action (Apr 2024),CMA Mobile Ecosystems - Final Report,"The CMA's November 2023 Mobile Ecosystems final report rejected Apple's voluntary commitment offer as insufficient on browser engine access and cloud gaming; the CMA announced a formal market investigation under the new Digital Markets, Competition and Consumers Act powers in Apr 2024, with binding remedy orders anticipated by 2025."
AAPL-2023Q4-0143,success,2024-03-01,N.D. Cal. Order (Feb 2024); Pacer NFC Merchant Class Action Docket,Apple Pay NFC - Motion to Dismiss,"The N.D. California district court granted Apple's motion to dismiss the NFC merchant class action in Feb 2024, ruling that plaintiffs failed to plead a cognisable antitrust market definition for iOS NFC payment services distinct from the broader mobile payment market — requiring amended pleadings with 30 days leave."
AAPL-2023Q4-0144,success,2024-02-01,Ericsson Q4 2023 Earnings Release; Apple 10-Q Q1 2024 Note 10,Ericsson SEP Licence - Finalisation,"Ericsson's Q4 2023 earnings confirmed a renewed multi-year patent licence with Apple covering 5G NR; Apple's Q1 2024 10-Q Note 10 reflected the agreement's execution with updated IP licensing accruals, resolving pending WDTX and EDTX litigation dockets and ending two years of multi-jurisdiction patent hostilities."
AAPL-2023Q4-0145,failure,2024-03-01,NLRB General Counsel Press Release (Feb 2024); Bloomberg Law NLRB Coverage,NLRB ULP - Apple Retail,"The NLRB General Counsel issued a complaint in Feb 2024 finding merit in ULP charges at Apple retail stores, alleging Apple managers made statements discouraging union activity and altered working conditions during organising campaigns — seeking remedies including back pay and a cease-and-desist order covering all U.S. Apple retail employees."
AAPL-2023Q4-0146,success,2024-01-15,Apple 2024 Proxy Statement (Jan 2024); Nasdaq Board Diversity Disclosure,Board Diversity Matrix - Nasdaq 5605(f) Compliance,"Apple's 2024 Proxy Statement Board Diversity Matrix disclosed 4 of 8 directors identified as women or racial/ethnic minorities, exceeding Nasdaq's minimum 2-director threshold; ISS and Glass Lewis both recommended a 'For' vote on all director nominees, reflecting satisfactory governance disclosure."
AAPL-2023Q4-0147,success,2024-03-05,"iOS 17.4 Release Notes (Mar 5, 2024); Mozilla Firefox EU iOS Release (Mar 2024)",Alternative Browser Engine - iOS 17.4 EU,"iOS 17.4 shipped Mar 5, 2024 for EU users with full alternative browser engine support; Mozilla released Firefox for iOS EU with Gecko engine on the same day, becoming the first third-party browser to use a non-WebKit engine on iPhone in Apple's 17-year iOS history."
AAPL-2023Q4-0148,success,2024-01-15,Apple Korean App Store Alternative Payment Launch (Nov 2023); KCC Statement (Dec 2023),South Korea Alternative Payment - Compliance,Apple launched the Korean App Store alternative payment entitlement in Nov 2023 with a 26% commission; the KCC acknowledged Apple's compliance steps in Dec 2023 and suspended its outstanding KRW 10 billion fine enforcement pending a 6-month compliance review — the first Asian regulatory penalty Apple successfully mitigated through proactive TBA compliance.
AAPL-2023Q4-0149,success,2024-03-06,"SEC Final Climate Disclosure Rule (Mar 6, 2024); Apple Environmental Progress Report (2023)",SEC Climate Rule - Apple Readiness,"The SEC adopted its final climate disclosure rule on Mar 6, 2024, exempting Scope 3 disclosures from the final rule due to industry feedback; Apple's existing Environmental Progress Report (verified by Bureau Veritas) already exceeds the final rule's Scope 1/2 disclosure requirements, placing Apple in full readiness without incremental compliance cost."
AAPL-2023Q4-0150,success,2024-05-01,Apple Developer Documentation - Privacy Manifest (May 2024); App Store Connect Review,Privacy Manifest - Enforcement,"Privacy Manifest enforcement began May 1, 2024 for all App Store submissions; Apple reported 94% of the top 100 apps by downloads achieved full PrivacyInfo.xcprivacy compliance before the deadline, with the remaining 6% receiving automated rejection notices and an extended 30-day grace period for SDK updates."
AAPL-2023Q4-0151,success,2024-03-15,EU AI Act Final Text (Mar 2024); Apple EU AI Act Preliminary Assessment,EU AI Act - Risk Classification,"The EU AI Act was formally adopted Mar 13, 2024; Apple's preliminary classification exercise correctly identified that Apple Watch health detection AI features fall under Annex III high-risk category 5(a), with conformity assessment obligations beginning 24 months after Act entry into force (est. Aug 2026) — providing Apple adequate runway for MDR-aligned technical documentation."
AAPL-2023Q4-0152,success,2024-02-01,N.D. Cal. Order (Jan 2024); Pacer iMessage ECPA Docket,ECPA iMessage Class Action - Dismissal,"The N.D. California granted Apple's motion to dismiss the ECPA iMessage link preview class action in Jan 2024, holding that URL fetching for link preview generation does not constitute 'interception' of a 'wire communication' under 18 U.S.C. § 2511 and that plaintiffs failed to plead lack of consent with particularity."
AAPL-2023Q4-0153,failure,2024-10-23,"CFPB Consent Order (Oct 23, 2024); Goldman Sachs Q3 2024 Earnings",Apple Card - CFPB Consent Order,"The CFPB issued a consent order on Oct 23, 2024 against Goldman Sachs for Apple Card, imposing a \$45 million civil penalty and a \$19.8 million consumer redress fund for failing to resolve billing disputes within legally required timeframes — affecting approximately 218,000 cardholders and naming Apple's dispute routing app architecture as a contributing factor."
AAPL-2023Q4-0154,success,2024-01-15,Apple Revised PIIA (Dec 2023); California Employment Counsel Review,PIIA - § 2870 Compliance,"Apple issued revised PIIA agreements to all California employees and contractors in Dec 2023 with explicit § 2870 carve-outs; external employment counsel certified the revised agreement complies with California Labor Code requirements, eliminating the class action risk from overbroad IP assignment language in prior PIIA versions."
AAPL-2023Q4-0155,success,2024-01-15,Brazil STJ Ruling (2023); Apple Brazil Tax Compliance Filing (Dec 2023),Brazil ISS - Compliance Implementation,"Apple implemented ISS municipal tax withholding for Brazil App Store developer payments in Q4 2023; the Brazilian Federal Revenue Service confirmed no outstanding App Store digital services tax enforcement actions against Apple through Q1 2024, and Apple disclosed a \$42 million provision for historical ISS exposure in its FY2023 Note 6 uncertain tax positions."
AAPL-2023Q4-0156,success,2024-02-01,"App Store Guidelines 4.9 (Jan 25, 2024); Xbox Game Pass iOS Release (Jan 2024)",Cloud Gaming - DMA Compliance,"Xbox Game Pass catalogue app launched on the App Store EU on Jan 25, 2024 with access to 100+ game titles via cloud streaming — the first time console-quality games became available on iOS without native app submissions; Microsoft confirmed zero individual game review submissions were required under the revised App Store Guideline 4.9."
AAPL-2023Q4-0157,success,2024-01-15,Apple Form SD (May 2023); Apple Supplier Responsibility Report (2023),Conflict Minerals - Form SD Filing,"Apple filed its FY2022 Form SD on May 31, 2023; the CMRT disclosed 100% of identified smelters (254 total) had completed or initiated Responsible Minerals Assurance Process (RMAP) audits — representing the highest 3TG smelter conformance rate among Fortune 50 companies in the RMI 2023 industry benchmark."
AAPL-2023Q4-0158,success,2024-01-15,BIS CRS Registry (2023); India Manufacturing Report Q4 2023,India BIS CRS - iPhone 15 Registration,"BIS CRS registration for India-manufactured iPhone 15 was confirmed in Q4 2023; Apple India commenced domestic sales of SIPCOT-made iPhone 15 units at INR 79,900 — \$25 lower than the equivalent import duty-applied price — contributing to a 46% YoY iPhone revenue growth in India in CY2023 reported by Counterpoint Research."
AAPL-2023Q4-0159,success,2024-02-01,N.D. Cal. Order (Jan 2024); Pacer Derivative Clawback Docket,Clawback Derivative Suit - Dismissal,"The N.D. California granted Apple's motion to dismiss the clawback derivative action in Jan 2024, ruling that plaintiffs failed to make pre-suit demand on the board as required by Delaware law and that the Compensation Committee's adoption of a Nasdaq 15A-6e-compliant clawback policy on Sep 29, 2023 mooted the alleged deficiency."
AAPL-2023Q4-0160,success,2024-02-01,CPSC Product Recall Database (Q1 2024); Apple Product Safety Statement (Jan 2024),Apple Watch Series 9 Battery - CPSC Assessment,"Apple's internal investigation found the Series 9 battery incidents involved third-party counterfeit bands with embedded charging electronics that caused external thermal events, not Apple Watch battery defects; Apple provided this determination to CPSC in Jan 2024, resulting in no CPSC mandatory recall action against Apple Watch Series 9."
