case_id,quarter,department,decision_title,decision_archetype,trigger,decision_description,options_considered,chosen_option,reasoning_summary,quantitative_signals,risk_level,cross_dept_impact,expected_profit_impact,profit_confidence,profit_impact_pathway,outcome_status,outcome_summary,decision_tags,finance_agent_conf,r_and_d_agent_conf,ops_agent_conf,legal_agent_conf,conflicting_perspectives,master_agent_decision,master_agent_confidence
1,Q3-2025,Operations,Increase iPhone Pro Production Mix,Capacity Optimization,iPhone revenue +13% YoY to $44.6B,Shift assembly allocation toward Pro models to capture higher-margin demand.,Option A: Maintain mix; Option B: Increase Pro mix 5%; Option C: Increase Pro mix 10%,Increase Pro mix 5%,Pro models driving revenue growth; controlled shift protects against demand volatility.,iPhone:$44.6B; YoY:+13%; Products_GM:34.5%,Medium,Finance;R&D,+0.5%,0.82,Premium Mix -> Higher ASP -> Gross Margin Expansion -> Operating Income Growth,Success,Production rebalanced; Pro availability improved in Americas and Europe.,iphone;mix;capacity;premium,0.85,0.7,0.94,0.65,Finance cautious on mix risk; Ops confident in demand signals.,Approve 5% shift with weekly sell-through monitoring,0.88
2,Q3-2025,Finance,Accelerate Share Repurchase Execution,Capital Allocation,$69.3B share repurchases YTD; EPS up 12%,Continue aggressive buybacks to enhance EPS momentum.,Option A: Slow repurchases; Option B: Maintain pace; Option C: Increase pace,Maintain pace,Strong operating cash flow supports buybacks without liquidity stress.,Repurchases:$69.3B; EPS:$1.57; Cash:$36.3B,Low,Legal,+0.3%,0.87,Share Reduction -> EPS Growth -> Investor Confidence,Success,312M shares repurchased YTD; diluted shares reduced YoY.,capital_return;buyback;eps,0.97,0.6,0.7,0.75,Legal highlighted compliance timing windows; Finance prioritized EPS support.,Maintain current repurchase cadence within blackout constraints,0.91
3,Q3-2025,R&D,Expand Apple Intelligence Infrastructure Spend,Innovation Expansion,R&D expense up to $8.9B; AI platform announced at WWDC,Increase AI compute and engineering investment to support new software releases.,Option A: Maintain spend; Option B: Increase 5%; Option C: Increase 10%,Increase 5%,Supports ecosystem differentiation and long-term Services monetization.,R&D:$8.9B; Services_GM:75.6%; Deferred_Revenue:$13.6B,High,Finance;Operations,-0.2%,0.76,Innovation -> Ecosystem Lock-in -> Services ARPU Growth -> Long-term EPS,Pending,Hiring plan approved; infrastructure expansion phased over 2 quarters.,ai;rd;apple_intelligence;ecosystem,0.75,0.96,0.7,0.72,Finance concerned about short-term margin pressure; R&D emphasized competitive positioning.,Approve targeted 5% increase tied to milestone delivery,0.87
4,Q3-2025,Operations,Reduce Wearables Inventory Exposure,Inventory Optimization,Wearables revenue -9% YoY; inventory $5.9B,Tighten procurement for Wearables to avoid overstock risk.,Option A: Maintain orders; Option B: Reduce 8%; Option C: Aggressive 15% cut,Reduce 8%,Align supply with declining category demand while protecting channel stability.,Wearables:$7.4B; YoY:-9%; Inventory:$5.9B,Medium,Finance,+0.2%,0.8,Lower Inventory Risk -> Reduced Write-downs -> Margin Protection,Success,Component orders trimmed; sell-through normalized.,wearables;inventory;procurement,0.88,0.65,0.95,0.6,Finance pushed stronger cuts; Ops warned against supply shock.,Approve moderate 8% reduction with quarterly review,0.86
5,Q3-2025,Legal,Enhance Tariff Compliance and Supply Chain Diversification,Regulatory Risk Mitigation,New U.S. tariffs affecting components and semiconductors,Strengthen compliance review and diversify suppliers to mitigate tariff impact.,Option A: Absorb cost; Option B: Diversify sourcing; Option C: Pass costs to consumers,Diversify sourcing,Reduces regulatory exposure and long-term margin risk.,Products_GM:34.5%; Tariff_Pressure:Elevated; Manufacturing_Obligations:$44.1B,High,Operations;Finance,-0.1%,0.78,Supply Diversification -> Cost Stability -> Margin Protection,Pending,Alternative suppliers under qualification review.,tariffs;compliance;supply_chain,0.82,0.7,0.88,0.97,Finance considered selective price pass-through; Legal stressed regulatory unpredictability.,Proceed with supplier diversification and compliance audit,0.9
6,Q3-2025,Finance,Optimize Services Margin Reinvestment,Margin Strategy,Services revenue $27.4B; GM 75.6%,Reinvest portion of Services margin into cloud infrastructure scaling.,Option A: Preserve margin; Option B: Reinvest 3%; Option C: Reinvest 7%,Reinvest 3%,Balances profitability with sustainable Services growth.,Services:$27.4B; GM:75.6%; YoY:+13%,Low,R&D;Operations,-0.1%,0.83,Infrastructure -> Reliability -> Subscription Retention -> Revenue Growth,Success,Cloud capacity expanded in Europe and APAC.,services;cloud;margin;investment,0.93,0.85,0.7,0.68,R&D wanted larger allocation; Finance opted for disciplined reinvestment.,Approve 3% reinvestment with ROI tracking,0.89
7,Q3-2025,Operations,Expand Mac Production Capacity,Throughput Expansion,Mac revenue +15% YoY to $8.0B,Increase MacBook and desktop assembly shifts to sustain growth.,Option A: Maintain capacity; Option B: Add overtime; Option C: Add new line,Add overtime,Short-term solution meets demand without heavy capex.,Mac:$8.0B; YoY:+15%; PPE:$48.5B,Medium,Finance,+0.4%,0.81,Demand Capture -> Revenue Growth -> Operating Income Increase,Success,Mac backlog reduced by 18% in 6 weeks.,mac;capacity;overtime,0.8,0.65,0.96,0.7,Finance preferred capex deferral; Ops prioritized near-term demand.,Approve overtime for 8-week cycle,0.88
8,Q3-2025,Legal,Review Concentration Risk in Trade Receivables,Compliance Oversight,Two customers represent >10% of trade receivables,Enhance credit risk monitoring and collateral requirements.,Option A: No change; Option B: Tighten credit terms; Option C: Diversify channel exposure,Tighten credit terms,Reduces receivable concentration risk amid macro uncertainty.,Receivables:$27.6B; Carrier_Exposure:31%,Medium,Finance;Operations,-0.05%,0.79,Risk Reduction -> Stable Cash Flow -> Liquidity Protection,Pending,Revised credit support terms implemented for select carriers.,receivables;risk;compliance,0.84,0.6,0.75,0.95,Finance concerned about sales friction; Legal emphasized balance-sheet risk.,Implement selective tighter terms with relationship safeguards,0.87
9,Q3-2025,Finance,Adjust Dividend Sustainability Review,Capital Allocation,EPS up 12% to $1.57,Reassess dividend sustainability amid strong earnings growth.,Maintain payout; Increase payout; Preserve cash,Maintain payout,Preserves flexibility while supporting shareholders.,EPS:$1.57; Revenue:$94.0B,Low,Legal,+0.1%,0.88,Stable Dividend -> Investor Confidence,Success,Dividend sustained at $0.26.,dividend;capital,0.95,0.55,0.65,0.75,Legal highlighted record date timing; Finance prioritized stability.,Maintain current dividend policy,0.9
10,Q3-2025,Operations,Optimize iPhone Supply Allocation by Region,Distribution Strategy,Global iPhone growth across regions,Shift allocation toward high-growth markets.,Maintain allocation; Shift 5%; Shift 10%,Shift 5%,Balances demand without overexposure.,iPhone:+13%; Global_Growth:Broad,Medium,Finance,+0.3%,0.82,Regional Optimization -> Revenue Capture,Success,Regional supply balanced.,iphone;distribution,0.82,0.6,0.94,0.65,Finance cautious on FX volatility.,Approve 5% reallocation,0.87
11,Q3-2025,R&D,Accelerate macOS AI Feature Integration,Innovation,WWDC AI announcements,Pull forward AI feature deployment schedule.,Maintain timeline; Accelerate by 1 quarter; Delay,Accelerate by 1 quarter,Strengthens platform momentum.,R&D:$8.9B; Mac:+15%,High,Finance;Legal,-0.1%,0.78,AI Adoption -> Ecosystem Strength,Pending,Milestones compressed.,ai;macos,0.75,0.97,0.7,0.72,Finance concerned about budget timing.,Proceed with phased acceleration,0.86
12,Q3-2025,Operations,Reduce Wearables Component Orders,Inventory Control,Wearables revenue -9%,Cut procurement to avoid excess stock.,Maintain; Reduce 5%; Reduce 12%,Reduce 5%,Mitigates overstock risk.,Wearables:-9%; Inventory:$5.9B,Medium,Finance,+0.2%,0.8,Inventory Efficiency -> Margin Protection,Success,Orders trimmed moderately.,wearables;inventory,0.88,0.6,0.95,0.6,Finance pushed for deeper cuts.,Approve 5% cut,0.86
13,Q3-2025,Finance,Reassess FX Hedging Strategy,Capital Management,Global revenue exposure,Increase hedge coverage by 10%.,Maintain; +10%; +20%,Increase 10%,Stabilizes reported revenue.,Revenue:$94B; FX_Volatility:Moderate,Medium,Legal,+0.1%,0.83,Margin Stability -> EPS Predictability,Success,Hedges expanded.,fx;hedging,0.97,0.55,0.65,0.75,Ops suggested supply hedge instead.,Implement moderate hedge expansion,0.89
14,Q3-2025,Legal,Review Share Repurchase Compliance Windows,Governance,$69.3B repurchases YTD,Ensure buybacks comply with blackout periods.,Continue; Pause; Modify timing,Modify timing,Protects regulatory integrity.,Repurchases:$69.3B,Low,Finance,0%,0.9,Compliance -> Investor Trust,Success,Adjusted repurchase schedule.,buyback;compliance,0.85,0.5,0.6,0.98,Finance wanted aggressive cadence.,Approve compliant timing plan,0.92
15,Q3-2025,Operations,Increase Mac Assembly Efficiency,Process Improvement,Mac +15% YoY,Optimize line balancing to raise throughput.,Maintain; Improve 3%; Improve 6%,Improve 3%,Supports sustained demand growth.,Mac:$8.0B; YoY:+15%,Medium,Finance,+0.3%,0.81,Efficiency -> Revenue Growth,Success,Throughput improved 2.8%.,mac;efficiency,0.8,0.65,0.96,0.7,Finance cautious on overtime costs.,Implement incremental efficiency program,0.88
16,Q3-2025,R&D,Enhance Services Recommendation Algorithms,AI Optimization,Services +13%,Improve personalization engine.,Maintain; Upgrade model; Full overhaul,Upgrade model,Drives subscription ARPU growth.,Services:$27.4B; GM:75.6%,Medium,Finance;Legal,+0.2%,0.84,Engagement -> Subscription Growth,Pending,Model retraining underway.,services;ai,0.78,0.96,0.68,0.72,Legal flagged data policy review.,Deploy upgraded algorithm under review,0.87
17,Q3-2025,Finance,Optimize Cash Allocation Mix,Capital Management,Cash balance at $36.3B with strong EPS growth,Rebalance short-term investments vs liquidity buffer.,Maintain allocation; Increase investments; Increase liquidity,Increase investments,Strong earnings momentum supports optimized yield strategy.,Cash:$36.3B; EPS:$1.57,Low,Legal,+0.1%,0.87,Higher Yield -> EPS Stability -> Shareholder Value,Success,Portfolio rebalanced toward short-duration instruments.,cash;treasury,0.96,0.55,0.6,0.75,Legal advised liquidity cushion; Finance favored yield optimization.,Reallocate portion into higher-yield short-term instruments,0.9
18,Q3-2025,Operations,Adjust iPhone Channel Inventory Targets,Inventory Planning,iPhone revenue $44.6B (+13%),Reduce excess channel buffer days to improve working capital efficiency.,Maintain 7 days; Reduce to 6; Reduce to 5,Reduce to 6,Strong sell-through allows leaner channel strategy.,iPhone:$44.6B; Inventory:$5.9B,Medium,Finance,+0.2%,0.82,Lean Inventory -> Better Cash Flow -> Margin Protection,Success,Channel days reduced by 1 day globally.,iphone;channel;inventory,0.84,0.6,0.95,0.65,Finance pushed aggressive reduction; Ops cautioned supply risk.,Adopt moderate reduction with monitoring,0.88
19,Q3-2025,R&D,Expand Cross-Platform AI Consistency Initiative,Platform Strategy,WWDC25 AI expansion across platforms,Standardize Apple Intelligence models across macOS and iOS.,Independent stacks; Shared model core; Full unification,Shared model core,Improves engineering efficiency and user consistency.,R&D:$8.9B; Services:$27.4B,High,Finance;Legal,-0.1%,0.76,Unified Platform -> Ecosystem Strength -> Retention Growth,Pending,Core model architecture aligned across teams.,ai;platform,0.75,0.97,0.68,0.72,Finance wary of integration cost; Legal flagged privacy review.,Proceed with phased shared model architecture,0.86
20,Q3-2025,Legal,Strengthen Carrier Receivable Safeguards,Compliance Oversight,Receivables at $27.6B with carrier exposure,Implement additional credit safeguards for high-volume carriers.,No change; Add collateral; Shorten payment terms,Add collateral,Reduces counterparty concentration risk.,Receivables:$27.6B; Carrier_Exposure:31%,Medium,Finance,0%,0.83,Credit Protection -> Cash Flow Stability,Pending,Carrier agreements amended with security provisions.,receivables;carrier;risk,0.85,0.55,0.65,0.97,Finance feared relationship strain; Legal emphasized balance sheet protection.,Add selective collateral requirement,0.9
21,Q3-2025,Operations,Optimize Mac Component Lead Times,Supply Chain Efficiency,Mac revenue $8.0B (+15%),Renegotiate supplier SLAs to reduce component lead times by 5%.,Maintain; Reduce 3%; Reduce 5%,Reduce 3%,Supports growth while avoiding supply strain.,Mac:$8.0B; YoY:+15%,Medium,Finance,+0.3%,0.8,Faster Production -> Revenue Capture,Success,Lead times improved 2.7%.,mac;supply;leadtime,0.8,0.65,0.95,0.7,Finance cautious on expedited shipping costs.,Implement moderate SLA tightening,0.87
22,Q3-2025,Finance,Rebalance Services Cost Allocation,Margin Optimization,Services GM at 75.6%,Allocate more overhead to hardware to highlight Services profitability.,Maintain allocation; Shift 2%; Shift 5%,Shift 2%,Clarifies segment profitability without distorting results.,Services:$27.4B; GM:75.6%,Low,Legal,+0.05%,0.88,Transparency -> Investor Confidence,Success,Internal reporting adjusted.,services;margin;reporting,0.97,0.6,0.65,0.75,Legal reviewed accounting standards.,Implement minor allocation adjustment,0.91
23,Q3-2025,R&D,Accelerate macOS Visual Redesign Deployment,Product Enhancement,WWDC software redesign announced,Advance UI rollout by 4 weeks.,Maintain timeline; Accelerate 2w; Accelerate 4w,Accelerate 2w,Keeps platform momentum without overloading QA.,R&D:$8.9B; Mac:+15%,Medium,Operations;Legal,-0.1%,0.79,User Engagement -> Ecosystem Loyalty,Pending,Deployment moved forward partially.,macos;design,0.75,0.96,0.72,0.75,Ops warned QA bottlenecks; R&D prioritized marketing timing.,Accelerate cautiously with QA gating,0.85
24,Q3-2025,Operations,Improve Wearables Sell-Through Promotions,Revenue Recovery,Wearables -9% YoY,Introduce limited promotions to improve sell-through.,No promo; 5% promo; 10% promo,5% promo,Balances margin with demand stimulation.,Wearables:$7.4B; YoY:-9%,Medium,Finance,-0.2%,0.78,Promotion -> Inventory Reduction -> Revenue Stabilization,Success,Sell-through improved modestly.,wearables;promotion,0.82,0.65,0.94,0.65,Finance resisted margin hit; Ops focused on inventory turnover.,Approve limited promotional program,0.86
25,Q3-2025,Finance,Enhance EPS Forecast Communication Strategy,Investor Relations,EPS up 12% YoY,Refine forward guidance messaging.,Conservative; Balanced; Aggressive,Balanced,Maintains credibility amid strong quarter.,EPS:$1.57; Revenue:$94B,Low,Legal,0%,0.89,Clear Guidance -> Market Stability,Success,Guidance updated in earnings call.,eps;guidance,0.96,0.6,0.6,0.8,Legal emphasized disclosure discipline.,Adopt balanced forward messaging,0.92
26,Q3-2025,Legal,Review Global Data Privacy Expansion Impacts,Regulatory Compliance,Expansion of AI features globally,Audit regional compliance exposure.,No review; Partial audit; Full audit,Full audit,Protects brand and regulatory standing.,AI_Expansion:Global; Services:$27.4B,High,R&D,-0.1%,0.77,Compliance -> Brand Protection,Pending,Global review initiated.,privacy;compliance;ai,0.8,0.7,0.65,0.98,R&D worried about rollout delay; Legal prioritized risk control.,Proceed with global compliance audit,0.89
27,Q3-2025,Operations,Enhance iPhone Logistics Cost Efficiency,Cost Optimization,High global shipment volume,Negotiate logistics contracts to reduce per-unit freight cost by 2%.,Maintain; Reduce 1%; Reduce 2%,Reduce 1%,Captures scale benefits without risking delivery reliability.,iPhone:$44.6B; Revenue:$94B,Medium,Finance,+0.2%,0.81,Lower Logistics Cost -> Margin Improvement,Success,Freight costs reduced 1.2%.,iphone;logistics;cost,0.85,0.6,0.95,0.65,Finance pushed 2%; Ops cautious on carrier reliability.,Approve incremental cost reduction,0.87
28,Q3-2025,R&D,Improve Apple Intelligence Energy Efficiency,Optimization,AI workload scaling,Optimize model inference efficiency by 8%.,Maintain; Improve 5%; Improve 8%,Improve 5%,Reduces long-term cloud infrastructure cost.,R&D:$8.9B; Services_GM:75.6%,Medium,Finance,+0.1%,0.83,Efficiency -> Lower Cloud Cost -> Margin Support,Pending,Energy optimization benchmarks improved.,ai;efficiency,0.78,0.97,0.7,0.7,Finance wanted immediate cost reduction.,Adopt gradual efficiency improvement target,0.88
29,Q3-2025,Finance,Reassess Capital Expenditure Phasing,Capex Planning,PPE at $48.5B,Delay non-critical capex by one quarter.,Maintain; Delay 1Q; Delay 2Q,Delay 1Q,Protects near-term cash flexibility.,PPE:$48.5B; Cash:$36.3B,Low,Operations,+0.1%,0.85,Cash Preservation -> Liquidity Stability,Success,Capex schedule slightly adjusted.,capex;ppe,0.96,0.6,0.75,0.7,Ops cautioned against slowing production upgrades.,Delay non-critical projects only,0.9
30,Q3-2025,Operations,Increase MacBook Channel Training Programs,Channel Development,Mac growth +15%,Enhance retail training to support feature differentiation.,Maintain; Expand program; Aggressive expansion,Expand program,Supports premium positioning.,Mac:$8.0B; YoY:+15%,Low,Finance,+0.2%,0.8,Better Sales Execution -> Revenue Growth,Success,Training sessions expanded globally.,mac;channel;training,0.82,0.65,0.94,0.6,Finance concerned about program cost.,Expand moderately,0.86
31,Q3-2025,Legal,Strengthen Dividend Compliance Controls,Governance,Dividend declared $0.26,Enhance documentation controls around payout execution.,Maintain; Enhance review; External audit,Enhance review,Ensures procedural rigor.,Dividend:$0.26; EPS:$1.57,Low,Finance,0%,0.88,Compliance -> Investor Confidence,Success,Internal documentation enhanced.,dividend;governance,0.9,0.5,0.6,0.98,Finance saw low risk; Legal prioritized controls.,Enhance internal review process,0.93
32,Q3-2025,R&D,Optimize Services Content Delivery Infrastructure,Infrastructure Scaling,Services $27.4B record quarter,Expand CDN footprint in growth regions.,Maintain; +5% nodes; +10% nodes,+5% nodes,Ensures stable performance amid subscriber growth.,Services:$27.4B; GM:75.6%,Medium,Finance,+0.2%,0.82,Performance Stability -> Subscription Retention,Pending,Regional node expansion underway.,services;cdn;infra,0.78,0.96,0.72,0.7,Finance monitored ROI timeline.,Proceed with 5% expansion,0.87
33,Q3-2025,Finance,Enhance Deferred Revenue Forecasting Accuracy,Financial Planning,Deferred revenue at $13.6B,Upgrade predictive models for revenue recognition timing.,Maintain; Improve model; External audit,Improve model,Improves financial precision and planning.,Deferred_Revenue:$13.6B,Low,Legal,+0.05%,0.86,Forecast Accuracy -> Strategic Planning,Success,Forecast variance reduced.,deferred;forecast,0.97,0.6,0.65,0.8,Legal reviewed accounting methodology.,Deploy upgraded forecasting model,0.91
34,Q3-2025,Operations,Refine iPad Production Planning,Capacity Alignment,iPad revenue $6.6B (+8%),Adjust output to match moderate growth rate.,Maintain; Increase 5%; Reduce 3%,Maintain,Stable demand does not require major shift.,iPad:$6.6B; YoY:+8%,Low,Finance,0%,0.84,Balanced Output -> Cost Efficiency,Success,Production remained stable.,ipad;planning,0.88,0.6,0.95,0.65,Finance evaluated margin stability.,Maintain balanced production plan,0.89
35,Q3-2025,Legal,Assess Cross-Border Data Transfer Risks,Regulatory Strategy,Global AI expansion,Evaluate regulatory exposure in APAC and EU.,No change; Partial assessment; Full assessment,Full assessment,Prevents future compliance disputes.,AI_Global:Expanded; Revenue:$94B,High,R&D;Finance,-0.1%,0.78,Regulatory Mitigation -> Brand Protection,Pending,Risk map prepared for executive review.,data;crossborder;compliance,0.82,0.7,0.65,0.98,R&D worried about rollout delays.,Initiate global regulatory assessment,0.9
36,Q3-2025,Finance,Review Operating Margin Sustainability,Performance Monitoring,Operating income $28.2B,Evaluate sustainability of margin expansion trajectory.,Maintain; Tighten cost; Expand investment,Maintain with monitoring,Margins healthy but macro risks remain.,Operating_Income:$28.2B; Revenue:$94B,Medium,Operations;R&D,0%,0.85,Margin Stability -> Long-Term Profitability,Success,Monitoring dashboard implemented.,margin;operating_income,0.96,0.65,0.7,0.75,R&D sought higher reinvestment; Finance cautious.,Maintain margin with cost discipline oversight,0.91
37,Q3-2025,Operations,Reallocate Manufacturing Slots Toward High-Growth SKUs,Capacity Prioritization,Mac +15% and iPhone +13% growth,Temporarily prioritize assembly slots for top-selling SKUs.,Maintain mix; Shift 3%; Shift 7%,Shift 3%,Captures high-margin demand without destabilizing supply chain.,Mac:$8.0B; iPhone:$44.6B,Medium,Finance;R&D,+0.4%,0.83,Demand Capture -> Higher ASP -> Margin Expansion,Success,SKU prioritization improved backlog clearance.,sku;capacity;mix,0.84,0.68,0.95,0.66,Finance cautious on forecast volatility.,Approve moderate reallocation,0.88
38,Q3-2025,Finance,Increase Short-Term Liquidity Buffer Ratio,Risk Management,Cash at $36.3B amid macro uncertainty,Increase liquidity allocation by 5%.,Maintain; +5%; +10%,+5%,Improves flexibility without harming yield.,Cash:$36.3B; Revenue:$94.0B,Low,Legal,0%,0.86,Liquidity Stability -> Risk Mitigation,Success,Liquidity ratio adjusted.,cash;liquidity,0.97,0.55,0.6,0.74,Ops preferred yield optimization.,Increase liquidity moderately,0.9
39,Q3-2025,R&D,Accelerate On-Device AI Model Compression,Technical Optimization,AI feature expansion and cost pressure,Reduce model size by 20% to lower compute load.,Maintain; Reduce 10%; Reduce 20%,Reduce 10%,Balances performance with energy efficiency.,R&D:$8.9B; Services_GM:75.6%,High,Finance,-0.1%,0.79,Efficiency -> Lower Infra Cost -> Margin Support,Pending,Prototype model achieved 12% reduction.,ai;compression,0.76,0.97,0.72,0.7,Finance wanted faster ROI realization.,Proceed phased optimization,0.87
40,Q3-2025,Legal,Review Global Advertising Compliance Exposure,Regulatory Review,Services revenue $27.4B,Audit advertising policies for regional compliance risk.,No review; Partial; Comprehensive,Comprehensive,Protects Services revenue stream.,Services:$27.4B; GM:75.6%,High,Finance;R&D,-0.1%,0.78,Compliance -> Revenue Protection,Pending,Policy audit launched.,ads;compliance;services,0.83,0.7,0.64,0.98,Finance feared delay in ad rollout.,Proceed with comprehensive audit,0.89
41,Q3-2025,Operations,Optimize iPad Component Forecasting Accuracy,Planning Improvement,iPad +8% YoY growth,Refine demand forecasting algorithms.,Maintain; Improve 5%; Improve 10%,Improve 5%,Reduces stock imbalance risk.,iPad:$6.6B; Inventory:$5.9B,Medium,Finance,+0.2%,0.82,Better Forecast -> Lower Waste -> Cost Efficiency,Success,Forecast accuracy improved 4.3%.,ipad;forecasting,0.88,0.65,0.94,0.6,Finance pushed for aggressive cut.,Adopt incremental improvement,0.86
42,Q3-2025,Finance,Reassess Operating Expense Growth Rate,Cost Discipline,Operating income $28.2B,Cap non-critical Opex growth at 4%.,Maintain growth; Cap at 4%; Expand Opex,Cap at 4%,Maintains profitability momentum.,Operating_Income:$28.2B; Revenue:$94.0B,Medium,R&D;Operations,0%,0.84,Cost Discipline -> Margin Stability,Success,Opex growth moderated.,opex;margin,0.96,0.66,0.72,0.75,R&D sought higher AI spend.,Implement controlled Opex cap,0.9
43,Q3-2025,R&D,Enhance Cross-Device Continuity Features,Platform Differentiation,Record installed base across products,Expand device synchronization capabilities.,Maintain; Add minor features; Major update,Add minor features,Strengthens ecosystem stickiness.,Revenue:$94.0B; Installed_Base:Record,Medium,Operations;Finance,+0.3%,0.82,Ecosystem Lock-in -> Retention Growth,Pending,Feature roadmap expanded.,ecosystem;continuity,0.78,0.96,0.7,0.72,Finance cautious on short-term ROI.,Approve incremental enhancement,0.88
44,Q3-2025,Operations,Reduce Distribution Center Carrying Costs,Efficiency Drive,Inventory $5.9B,Lower warehousing cost by optimizing storage turnover.,Maintain; Improve 2%; Improve 4%,Improve 2%,Supports working capital efficiency.,Inventory:$5.9B,Low,Finance,+0.1%,0.83,Lower Holding Cost -> Margin Support,Success,Storage efficiency improved.,inventory;logistics,0.9,0.6,0.96,0.65,Finance wanted faster reduction.,Implement modest efficiency gain,0.89
45,Q3-2025,Legal,Review Deferred Revenue Recognition Controls,Accounting Compliance,Deferred revenue $13.6B,Strengthen internal controls around recognition timing.,Maintain; Enhance; External audit,Enhance,Reduces reporting risk.,Deferred_Revenue:$13.6B,Low,Finance,0%,0.88,Compliance -> Reporting Integrity,Success,Controls documentation updated.,deferred;controls,0.92,0.55,0.6,0.98,Finance confident in controls; Legal proactive.,Enhance internal controls,0.93
46,Q3-2025,Finance,Adjust Segment-Level Profit Reporting Transparency,Disclosure Strategy,Strong Services GM 75.6%,Provide clearer margin breakdowns in investor materials.,Maintain; Minor update; Major disclosure,Minor update,Improves clarity without overexposure.,Services_GM:75.6%; Revenue:$94.0B,Low,Legal,+0.05%,0.87,Transparency -> Investor Confidence,Success,Reporting deck updated.,reporting;transparency,0.97,0.6,0.65,0.78,Legal advised caution on disclosure scope.,Approve minor transparency update,0.91
47,Q3-2025,R&D,Optimize macOS Energy Efficiency Benchmarks,Performance Tuning,Mac +15% YoY growth,Improve energy benchmarks by 6%.,Maintain; Improve 3%; Improve 6%,Improve 3%,Enhances differentiation without major redesign.,Mac:$8.0B; YoY:+15%,Medium,Operations,+0.1%,0.8,Efficiency -> User Satisfaction -> Retention,Pending,Energy metrics improved slightly.,mac;energy,0.77,0.95,0.75,0.68,Ops warned of QA extension.,Proceed incremental tuning,0.86
48,Q3-2025,Operations,Improve Reverse Logistics for Returns,Customer Support Efficiency,High shipment volumes globally,Streamline returns processing time by 8%.,Maintain; Improve 5%; Improve 8%,Improve 5%,Reduces handling costs and customer friction.,Revenue:$94.0B,Medium,Finance,+0.1%,0.81,Faster Returns -> Lower Cost -> Higher NPS,Success,Return cycle time reduced 4%.,returns;logistics,0.85,0.65,0.95,0.7,Finance focused on ROI timeline.,Approve moderate process improvement,0.88
49,Q3-2025,Legal,Enhance Cross-Region Contract Harmonization,Governance Optimization,Global revenue growth across regions,Standardize supplier contracts globally.,Maintain; Partial; Full standardization,Partial,Reduces legal complexity while maintaining flexibility.,Revenue:$94.0B,Medium,Operations;Finance,0%,0.84,Contract Clarity -> Risk Reduction,Pending,Harmonization pilot launched.,contracts;governance,0.88,0.6,0.72,0.97,Ops concerned about local requirements.,Adopt phased harmonization plan,0.89
50,Q3-2025,Finance,Reassess Share Repurchase Pace Sustainability,Capital Strategy,$69.3B repurchased YTD,Evaluate buyback pacing against liquidity outlook.,Maintain; Slow; Accelerate,Maintain,Balances EPS growth and liquidity.,Repurchases:$69.3B; Cash:$36.3B,Medium,Legal,0%,0.86,Stable Buyback -> EPS Support,Success,Cadence maintained.,buyback;capital,0.97,0.6,0.65,0.78,Legal emphasized blackout adherence.,Maintain disciplined buyback cadence,0.91
51,Q3-2025,R&D,Strengthen AI Model Validation Protocols,Quality Assurance,Rapid AI rollout across platforms,Increase validation testing cycles.,Maintain; +10%; +20%,+10%,Ensures stability amid expansion.,R&D:$8.9B,High,Operations;Legal,-0.1%,0.79,Quality -> Brand Trust,Pending,Testing protocol enhanced.,ai;qa,0.75,0.97,0.72,0.8,Ops worried about release timing.,Enhance validation cycles moderately,0.88
52,Q3-2025,Operations,Optimize Global Spare Parts Allocation,After-Sales Optimization,Installed base at record high,Rebalance spare parts inventory by region.,Maintain; Shift 3%; Shift 6%,Shift 3%,Supports service efficiency globally.,Installed_Base:Record; Inventory:$5.9B,Medium,Finance,+0.1%,0.82,Service Efficiency -> Customer Loyalty,Success,Parts distribution improved service times.,spares;service,0.84,0.65,0.95,0.7,Finance monitored cost impact.,Approve 3% redistribution,0.89
53,Q3-2025,Finance,Adjust Cost of Revenue Forecast Sensitivity,Forecasting Enhancement,Revenue $94.0B,Refine sensitivity model for cost fluctuations.,Maintain; Improve; External review,Improve,Improves planning accuracy.,Revenue:$94.0B; Operating_Income:$28.2B,Low,Operations,+0.05%,0.87,Forecast Precision -> Strategic Stability,Success,Forecast model recalibrated.,forecast;cost,0.96,0.6,0.72,0.75,Ops requested real-time input sync.,Enhance sensitivity modeling,0.9
54,Q3-2025,Legal,Review International Dividend Payment Procedures,Compliance Review,Dividend $0.26 declared,Audit international payout compliance procedures.,Maintain; Enhance audit; Outsource audit,Enhance audit,Prevents cross-border procedural issues.,Dividend:$0.26; EPS:$1.57,Low,Finance,0%,0.88,Regulatory Compliance -> Shareholder Trust,Success,Audit documentation strengthened.,dividend;international,0.9,0.55,0.6,0.98,Finance viewed risk as low.,Proceed internal audit enhancement,0.93
55,Q3-2025,R&D,Expand AI Accessibility Features,Inclusive Innovation,AI features expanding globally,Add accessibility-focused AI enhancements.,Maintain; Add minor; Add major,Add minor,Aligns innovation with inclusivity goals.,Revenue:$94.0B; R&D:$8.9B,Medium,Legal;Finance,+0.2%,0.81,Accessibility -> User Base Expansion,Pending,Accessibility features added to roadmap.,ai;accessibility,0.78,0.96,0.7,0.74,Finance cautious on cost-benefit.,Approve incremental accessibility rollout,0.87
56,Q3-2025,Operations,Enhance Multi-Region Demand Signal Integration,Data Integration,Growth across all geographic segments,Integrate regional demand dashboards into central planning.,Maintain; Partial integration; Full integration,Partial integration,Improves decision latency without major system overhaul.,Revenue:$94.0B,Medium,Finance;R&D,+0.2%,0.83,Faster Decisions -> Revenue Optimization,Success,Regional dashboards integrated centrally.,planning;data;operations,0.85,0.7,0.96,0.68,R&D suggested full integration later.,Adopt phased dashboard integration,0.89
57,Q3-2025,R&D,AI Talent Retention Program Expansion,Strategic Talent,AI feature expansion and R&D $8.9B,Introduce retention incentives for key AI engineers.,No action; Bonus pool; Equity refresh,Equity refresh,Protects innovation velocity amid competitive hiring pressure.,R&D:$8.9B; Services:$27.4B,High,Finance,-0.2%,0.78,Talent Retention -> Faster AI Rollout -> Services Growth,Pending,Equity grants approved for critical teams.,ai;talent;retention,0.7,0.96,0.6,0.75,Finance cautious on comp inflation.,Approve targeted equity refresh plan,0.86
58,Q3-2025,Legal,Establish AI Ethics Review Board,Governance,Global AI rollout acceleration,Create formal ethics oversight board for AI deployments.,No board; Internal review; Formal board,Formal board,Mitigates reputational and regulatory risk.,Revenue:$94.0B; AI_Expansion:Global,High,R&D;Finance,-0.1%,0.8,Ethical Governance -> Brand Trust -> Revenue Stability,Pending,Board charter drafted.,ai;ethics;governance,0.82,0.7,0.65,0.98,R&D feared slower rollout.,Proceed with formal oversight board,0.89
59,Q3-2025,Operations,Mitigate Cloud Latency in High-Growth Regions,Infrastructure Response,Services $27.4B with global growth,Deploy edge capacity in latency-prone regions.,Maintain; Add regional nodes; Major expansion,Add regional nodes,Improves user experience and retention.,Services:$27.4B; GM:75.6%,Medium,R&D;Finance,+0.2%,0.83,Lower Latency -> Higher Retention -> Services ARPU Growth,Success,Regional latency reduced by 7%.,cloud;latency;infra,0.8,0.92,0.95,0.7,Finance tracked ROI timeline.,Expand regionally with staged rollout,0.9
60,Q3-2025,Finance,Subscription Churn Defense Modeling,Revenue Protection,Services +13% but competitive pressure rising,Develop predictive churn mitigation model.,No model; Basic model; Advanced ML model,Advanced ML model,Protects recurring revenue growth trajectory.,Services:$27.4B; Deferred_Revenue:$13.6B,Medium,R&D,+0.3%,0.85,Lower Churn -> Higher LTV -> Revenue Stability,Pending,Predictive churn model piloted.,services;churn,0.96,0.85,0.6,0.75,R&D resource constraints cited.,Implement advanced churn analytics,0.91
61,Q3-2025,Operations,Reduce Warranty Claim Volatility,Quality Stabilization,High device volumes and global shipments,Tighten supplier QA checkpoints.,Maintain; Increase 5%; Increase 10%,Increase 5%,Reduces future warranty cost exposure.,Revenue:$94.0B,Medium,Finance,+0.1%,0.82,Lower Warranty Cost -> Margin Protection,Success,Claim rate stabilized.,qa;warranty,0.85,0.7,0.96,0.65,Finance questioned incremental cost.,Adopt moderate QA tightening,0.88
62,Q3-2025,Finance,Manufacturing Automation ROI Review,Capex Efficiency,PPE $48.5B,Evaluate automation ROI before new investments.,Proceed; Pause; Reallocate,Reallocate,Prioritizes highest-return automation upgrades.,PPE:$48.5B; Operating_Income:$28.2B,Medium,Operations,+0.2%,0.84,Automation Efficiency -> Cost Reduction,Success,Capex redirected to high-ROI projects.,automation;capex,0.97,0.6,0.75,0.7,Ops requested faster approval cycles.,Reallocate capex to high-return automation,0.9
63,Q3-2025,Legal,Assess Data Localization Compliance Risk,Regulatory Risk,AI expanding across jurisdictions,Review exposure in regions with data sovereignty laws.,No action; Partial; Full audit,Full audit,Reduces compliance fines risk.,Revenue:$94.0B; AI_Global:Expanded,High,R&D;Finance,-0.1%,0.79,Compliance -> Revenue Protection,Pending,Localization risk map created.,data;sovereignty,0.82,0.68,0.6,0.98,R&D flagged rollout delay risk.,Initiate full localization audit,0.88
64,Q3-2025,Operations,Channel Incentive Recalibration,Sales Optimization,Mac +15% growth momentum,Adjust reseller incentives toward high-margin models.,Maintain; +2%; +5% incentive,+2%,Aligns incentives with premium mix growth.,Mac:$8.0B; iPhone:$44.6B,Medium,Finance,+0.2%,0.83,Premium Mix -> Margin Expansion,Success,Channel premium mix improved.,channel;incentive,0.84,0.65,0.95,0.65,Finance limited incentive scope.,Approve moderate incentive adjustment,0.89
65,Q3-2025,R&D,AI Hallucination Risk Mitigation Protocol,Product Safety,Expansion of generative features,Add additional validation filters to reduce hallucination risk.,Maintain; Moderate filter; Aggressive filter,Moderate filter,Balances safety and usability.,R&D:$8.9B,High,Legal;Operations,-0.1%,0.78,Risk Mitigation -> Brand Trust,Pending,Validation filters implemented.,ai;validation,0.75,0.97,0.72,0.85,Legal supported stronger guardrails.,Adopt moderate validation layer,0.87
66,Q3-2025,Finance,Operating Margin Stress Test Simulation,Financial Resilience,Operating income $28.2B,Model adverse margin scenarios under demand shock.,No test; Basic; Advanced,Advanced,Ensures readiness for downturn scenarios.,Operating_Income:$28.2B; Revenue:$94.0B,Medium,Operations;R&D,0%,0.86,Scenario Planning -> Financial Stability,Success,Stress dashboard deployed.,margin;stress_test,0.96,0.6,0.7,0.75,Ops wanted supply-side modeling added.,Implement advanced stress simulation,0.92
67,Q3-2025,Operations,Returns Fraud Prevention Upgrade,Cost Control,High global shipment volumes,Deploy AI fraud detection for returns.,Maintain; Pilot; Full rollout,Pilot,Reduces fraudulent refund exposure.,Revenue:$94.0B,Medium,Finance;Legal,+0.1%,0.82,Fraud Reduction -> Margin Protection,Pending,Pilot program launched in 3 regions.,returns;fraud,0.88,0.85,0.96,0.8,Legal ensured compliance review.,Launch controlled pilot program,0.9
68,Q3-2025,Finance,Installed Base Monetization Strategy Review,Revenue Expansion,Record installed base,Evaluate upsell strategy for Services bundling.,Maintain; Minor push; Strategic push,Strategic push,Leverages ecosystem depth for recurring revenue.,Services:$27.4B; Installed_Base:Record,Medium,R&D;Operations,+0.4%,0.85,Upsell -> Higher ARPU -> Revenue Growth,Success,Bundle conversion improved.,installed_base;upsell,0.96,0.8,0.72,0.7,R&D requested integration alignment.,Approve strategic upsell program,0.92
69,Q3-2025,Legal,AI Liability Exposure Assessment,Risk Governance,AI deployment across consumer devices,Assess potential liability from AI-generated content.,No review; Internal memo; Formal assessment,Formal assessment,Prevents legal exposure escalation.,Revenue:$94.0B,High,R&D;Finance,-0.1%,0.8,Risk Mitigation -> Legal Stability,Pending,Liability risk framework drafted.,ai;liability,0.85,0.7,0.6,0.98,R&D concerned about policy rigidity.,Initiate formal liability review,0.89
70,Q3-2025,Operations,Geopolitical Supply Diversification Planning,Supply Resilience,Global revenue exposure,Model alternate sourcing for geopolitical risks.,Maintain; Partial diversify; Aggressive diversify,Partial diversify,Balances resilience and cost.,Revenue:$94.0B; PPE:$48.5B,Medium,Finance;Legal,-0.05%,0.82,Supply Stability -> Revenue Protection,Pending,Alternate sourcing scenarios drafted.,supply;geopolitics,0.84,0.65,0.96,0.85,Finance flagged cost increase.,Adopt phased diversification roadmap,0.9
71,Q3-2025,Finance,Subscription Price Elasticity Testing,Revenue Optimization,Services +13% YoY,Test minor price adjustments in select markets.,Maintain; +2%; +4%,+2%,Evaluates pricing power with minimal churn risk.,Services:$27.4B,High,R&D;Legal,+0.2%,0.8,Pricing Power -> Margin Expansion,Pending,Limited A/B testing launched.,pricing;elasticity,0.96,0.75,0.7,0.8,Legal reviewed consumer law implications.,Launch limited pricing experiment,0.88
72,Q3-2025,Legal,Refine App Store Refund Policy Controls,Compliance Enhancement,Services growth and transaction volume increase,Clarify refund eligibility criteria globally.,Maintain; Minor clarification; Major revision,Minor clarification,Reduces disputes while preserving flexibility.,Services:$27.4B,Medium,Finance;Operations,0%,0.83,Policy Clarity -> Reduced Disputes,Success,Policy language updated.,refund;policy,0.9,0.6,0.7,0.97,Finance wanted tighter enforcement.,Adopt minor global clarification,0.91
73,Q3-2025,Operations,Cloud Capacity Buffer Risk Planning,Infrastructure Risk,High Services utilization,Maintain 8% excess capacity buffer.,Maintain 5%; Maintain 8%; Maintain 12%,Maintain 8%,Ensures resilience during traffic spikes.,Services:$27.4B; GM:75.6%,Medium,Finance,-0.05%,0.81,Stability -> Retention -> Revenue Protection,Success,Capacity buffer maintained.,cloud;capacity,0.82,0.9,0.95,0.7,Finance concerned about idle cost.,Maintain 8% resilience buffer,0.89
74,Q3-2025,R&D,Developer Ecosystem Retention Initiative,Platform Growth,Record installed base and WWDC announcements,Enhance developer incentives and tools.,Maintain; Add tools; Expand grants,Add tools,Supports ecosystem expansion without heavy grant spending.,Revenue:$94.0B,Medium,Finance;Legal,+0.2%,0.84,Developer Engagement -> App Growth -> Services Revenue,Pending,Toolkits expanded for devs.,developer;ecosystem,0.85,0.96,0.7,0.75,Finance limited budget scope.,Expand developer tool support,0.9
75,Q3-2025,Finance,Gross Margin Scenario Modeling Enhancement,Financial Planning,Services GM 75.6% and product GM pressure,Upgrade multi-scenario GM modeling framework.,Maintain; Improve; External review,Improve,Enhances margin forecasting precision.,Services_GM:75.6%; Revenue:$94.0B,Low,Operations;R&D,+0.05%,0.88,Forecast Accuracy -> Strategic Planning,Success,Model accuracy improved.,gm;modeling,0.97,0.6,0.72,0.75,Ops requested integration with supply data.,Deploy enhanced GM modeling tool,0.92
76,Q3-2025,Operations,Global Repair Network Optimization,After-Sales Efficiency,Record installed base,Optimize certified repair network density.,Maintain; Expand 3%; Expand 6%,Expand 3%,Improves service turnaround time.,Installed_Base:Record; Revenue:$94.0B,Medium,Finance;Legal,+0.1%,0.82,Faster Repairs -> Higher NPS -> Retention,Pending,Repair network expanded selectively.,repair;service,0.85,0.7,0.96,0.8,Finance questioned expansion cost.,Approve targeted repair network growth,0.89
77,Q3-2025,R&D,AI Compute Cost Governance Framework,Cost Optimization,AI workload expansion and R&D $8.9B,Implement internal review board for AI compute cost efficiency.,No framework; Soft guidelines; Formal governance,Formal governance,Controls escalating infrastructure costs while sustaining innovation.,R&D:$8.9B; Services_GM:75.6%,Medium,Finance,+0.1%,0.84,Cost Control -> Margin Stability,Pending,Compute governance standards published.,ai;compute;cost,0.9,0.95,0.7,0.75,Finance demanded stronger cost tracking.,Establish AI compute governance board,0.91
78,Q3-2025,Operations,Cloud Vendor Redundancy Planning,Infrastructure Resilience,Services revenue $27.4B,Add secondary vendor redundancy in key regions.,Maintain; Add selective redundancy; Full duplication,Add selective redundancy,Reduces outage risk while limiting excess cost.,Services:$27.4B; GM:75.6%,Medium,Finance,+0.05%,0.83,Reliability -> Customer Retention,Pending,Secondary contracts signed.,cloud;redundancy,0.85,0.88,0.96,0.7,Finance cautious on overlapping spend.,Adopt selective redundancy model,0.89
79,Q3-2025,Finance,Regional Pricing Harmonization Review,Pricing Strategy,Global revenue growth across segments,Assess inconsistencies in regional device pricing.,Maintain; Minor adjust; Broader alignment,Minor adjust,Prevents arbitrage and FX imbalance.,Revenue:$94.0B; iPhone:$44.6B,Medium,Legal;Operations,+0.2%,0.82,Pricing Alignment -> Margin Stability,Success,Minor regional price adjustments applied.,pricing;regional,0.96,0.65,0.75,0.8,Legal reviewed consumer protection compliance.,Implement selective regional price alignment,0.9
80,Q3-2025,Legal,App Content Moderation Risk Review,Platform Governance,Installed base at record high,Reassess risk exposure from app moderation gaps.,Maintain; Enhance tools; Expand review staff,Enhance tools,Improves oversight efficiency without excessive hiring.,Revenue:$94.0B,High,R&D;Finance,-0.05%,0.79,Platform Integrity -> Brand Protection,Pending,Moderation tools upgraded.,appstore;moderation,0.82,0.88,0.65,0.98,Finance limited hiring expansion.,Upgrade automated moderation systems,0.88
81,Q3-2025,Operations,Manufacturing Yield Improvement Program,Operational Excellence,High device shipment volumes,Improve yield rates by 1.5% across assembly lines.,Maintain; Improve 1%; Improve 1.5%,Improve 1%,Reduces cost per unit without major redesign.,Revenue:$94.0B; PPE:$48.5B,Medium,Finance,+0.3%,0.84,Yield Gain -> Lower Unit Cost -> Margin Lift,Success,Yield improved 0.9%.,yield;manufacturing,0.88,0.7,0.97,0.7,Finance wanted faster ROI.,Adopt incremental yield improvement plan,0.91
82,Q3-2025,Finance,Foreign Exchange Sensitivity Modeling,Financial Risk,Global geographic growth,Enhance FX scenario forecasting precision.,Maintain; Improve; External model,Improve,Better protects EPS stability.,EPS:$1.57; Revenue:$94.0B,Low,Operations,0%,0.87,FX Stability -> Predictable EPS,Success,FX sensitivity dashboard enhanced.,fx;forecast,0.97,0.6,0.7,0.75,Ops sought integration with supply model.,Upgrade internal FX forecasting model,0.92
83,Q3-2025,Legal,Supplier ESG Audit Enhancement,Sustainability Governance,Global supplier footprint expansion,Increase ESG compliance audits frequency.,Maintain; +10%; +20%,+10%,Protects reputation and institutional investor confidence.,Revenue:$94.0B,Medium,Operations;Finance,0%,0.83,ESG Compliance -> Brand Strength,Pending,Audit cadence increased.,esg;supplier,0.85,0.6,0.8,0.98,Ops concerned about supplier friction.,Enhance ESG audit schedule moderately,0.9
84,Q3-2025,Operations,Device Fraud Analytics Upgrade,Loss Prevention,High shipment and transaction volumes,Deploy advanced analytics to detect transaction fraud.,Maintain; Pilot; Full rollout,Pilot,Reduces fraud while validating effectiveness.,Revenue:$94.0B,Medium,Finance;Legal,+0.1%,0.82,Fraud Reduction -> Margin Protection,Pending,Analytics pilot launched.,fraud;analytics,0.88,0.85,0.96,0.8,Finance required ROI tracking.,Launch phased fraud analytics pilot,0.9
85,Q3-2025,Finance,Customer Satisfaction Correlation Modeling,Strategic Analytics,Record installed base,Model NPS impact on Services attach rate.,Maintain; Build model; External study,Build model,Links satisfaction directly to monetization growth.,Services:$27.4B,Low,R&D,+0.2%,0.85,NPS Improvement -> Higher Services Adoption,Success,Predictive correlation model deployed.,nps;analytics,0.96,0.8,0.7,0.75,R&D sought integration into product roadmap.,Deploy internal NPS revenue model,0.91
86,Q3-2025,Finance,Capital Structure Efficiency Review,Strategic Finance,$69.3B repurchases YTD,Reassess optimal debt-to-equity balance.,Maintain; Increase leverage; Reduce leverage,Maintain,Preserves flexibility amid strong cash position.,Cash:$36.3B; Repurchases:$69.3B,Medium,Legal,0%,0.86,Capital Stability -> Investor Confidence,Success,Structure deemed balanced.,capital;structure,0.97,0.55,0.65,0.78,Legal advised conservative posture.,Maintain current capital structure mix,0.91
87,Q3-2025,R&D,Developer Monetization Toolkit Expansion,Ecosystem Growth,WWDC announcements and Services growth,Launch enhanced monetization APIs for developers.,Maintain; Minor tools; Major toolkit,Minor tools,Supports app ecosystem revenue without platform risk.,Services:$27.4B,Medium,Finance;Legal,+0.2%,0.84,Developer Revenue -> Services Growth,Pending,API enhancements rolled out.,developer;monetization,0.9,0.96,0.7,0.8,Finance limited incentive funding.,Expand toolkit incrementally,0.92
88,Q3-2025,Operations,Manufacturing Downtime Risk Simulation,Resilience Planning,High production throughput,Model downtime scenarios across assembly plants.,Maintain; Basic; Advanced simulation,Advanced simulation,Improves contingency planning.,Revenue:$94.0B; PPE:$48.5B,Medium,Finance,0%,0.84,Risk Preparedness -> Revenue Stability,Success,Downtime contingency protocols enhanced.,manufacturing;risk,0.9,0.65,0.97,0.75,Finance prioritized cost-benefit validation.,Implement advanced downtime simulation model,0.92
89,Q3-2025,R&D,Data Center Energy Efficiency Initiative,Sustainability Innovation,AI compute scaling,Improve data center energy efficiency by 6%.,Maintain; Improve 3%; Improve 6%,Improve 3%,Reduces operational expense and ESG risk.,R&D:$8.9B; Services:$27.4B,Medium,Finance;Legal,+0.1%,0.83,Energy Efficiency -> Lower Infra Cost,Pending,Energy optimization roadmap initiated.,datacenter;energy,0.88,0.97,0.7,0.85,Finance tracked payback period.,Adopt incremental efficiency improvements,0.91
90,Q3-2025,Finance,Revenue Concentration Stress Analysis,Risk Modeling,iPhone $44.6B share of revenue,Assess concentration dependency risk.,Maintain; Basic; Advanced stress,Advanced stress,Improves strategic diversification planning.,iPhone:$44.6B; Revenue:$94.0B,Medium,Operations;R&D,0%,0.86,Diversification Insight -> Strategic Stability,Success,Stress report delivered to board.,revenue;risk,0.97,0.65,0.75,0.8,Ops requested product diversification modeling.,Deploy advanced revenue concentration analysis,0.93
91,Q3-2025,Operations,Subscription Bundle Experiment Pilot,Revenue Experimentation,Services +13%,Test multi-service bundle in select markets.,Maintain; Pilot; Full rollout,Pilot,Evaluates cross-service ARPU uplift.,Services:$27.4B; Deferred_Revenue:$13.6B,High,Finance;Legal,+0.3%,0.81,Bundle Adoption -> Higher ARPU,Pending,Pilot launched in two markets.,bundle;subscription,0.9,0.85,0.96,0.8,Legal reviewed consumer regulations.,Proceed with limited bundle experiment,0.89
92,Q3-2025,Finance,Warranty Reserve Recalibration Review,Accounting Adjustment,High shipment volumes,Reassess warranty reserve assumptions.,Maintain; Reduce 2%; Increase 2%,Maintain,Avoids aggressive accounting changes.,Revenue:$94.0B,Low,Legal,0%,0.88,Conservative Accounting -> Reporting Integrity,Success,Reserve unchanged after review.,warranty;reserve,0.97,0.55,0.65,0.9,Legal advised caution on adjustment.,Maintain conservative reserve posture,0.93
93,Q3-2025,Legal,Intellectual Property Protection Enhancement,IP Governance,AI feature expansion,Strengthen patent filing cadence for AI innovations.,Maintain; Increase filings; Strategic focus,Increase filings,Protects competitive moat.,R&D:$8.9B,Medium,R&D;Finance,+0.1%,0.82,IP Strength -> Long-Term Revenue Protection,Pending,AI patent portfolio expanded.,ip;patent,0.85,0.96,0.6,0.98,Finance monitored legal cost impact.,Increase targeted AI patent filings,0.91
94,Q3-2025,Operations,Regional Inventory Balancing Initiative,Working Capital Optimization,Inventory $5.9B,Shift surplus inventory to high-demand regions.,Maintain; Shift 3%; Shift 6%,Shift 3%,Reduces regional imbalance risk.,Inventory:$5.9B,Medium,Finance,+0.2%,0.84,Balanced Supply -> Reduced Holding Cost,Success,Inventory rebalanced across two regions.,inventory;balancing,0.9,0.6,0.97,0.7,Finance required cost validation.,Approve regional inventory redistribution,0.92
95,Q3-2025,Finance,Strategic Supply Contract Renegotiation,Cost Efficiency,High component volumes,Renegotiate key supply contracts for volume discounts.,Maintain; Renegotiate 3%; Renegotiate 5%,Renegotiate 3%,Captures scale benefits without disrupting partnerships.,Revenue:$94.0B,Medium,Operations;Legal,+0.3%,0.85,Cost Reduction -> Margin Expansion,Success,Selective contract terms improved.,supply;contract,0.96,0.6,0.9,0.85,Legal ensured compliance clauses.,Proceed with targeted renegotiation strategy,0.93
96,Q3-2025,R&D,Services Attach-Rate Analytics Expansion,Monetization Analytics,Record installed base,Deploy analytics to increase Services attach rate by 2%.,Maintain; Minor analytics; Advanced analytics,Advanced analytics,Improves monetization per active device.,Services:$27.4B; Installed_Base:Record,Medium,Finance;Operations,+0.4%,0.86,Higher Attach Rate -> Recurring Revenue Growth,Pending,Attach-rate analytics model launched.,services;attach_rate,0.92,0.97,0.75,0.75,Finance sought measurable ROI milestones.,Adopt advanced attach-rate analytics framework,0.94
97,Q3-2025,R&D,AI Inference Cost Cap Implementation,Cost Discipline,AI feature expansion and R&D $8.9B,Set quarterly inference cost ceiling per product team.,No cap; Soft cap; Hard cap,Soft cap,Encourages optimization without stifling innovation.,R&D:$8.9B; Services:$27.4B,Medium,Finance,-0.1%,0.82,Cost Efficiency -> Margin Stability,Pending,Soft caps implemented across AI teams.,ai;cost;governance,0.9,0.96,0.7,0.75,Finance pushed for stricter enforcement.,Implement monitored soft-cap framework,0.9
98,Q3-2025,Operations,Retail Channel Data Integration Upgrade,Sales Intelligence,Record installed base and global growth,Integrate retail analytics into central planning system.,Maintain; Partial; Full integration,Partial,Improves near-real-time sales forecasting.,Revenue:$94.0B,Medium,Finance;R&D,+0.2%,0.83,Better Forecast -> Revenue Optimization,Success,Retail dashboards synchronized.,retail;data;planning,0.88,0.75,0.96,0.7,Finance requested ROI benchmarks.,Adopt phased integration approach,0.91
99,Q3-2025,Finance,Services Fraud Reimbursement Policy Review,Risk Mitigation,Services $27.4B transaction growth,Refine reimbursement thresholds for digital fraud.,Maintain; Tighten; Loosen,Tighten,Reduces fraud leakage while preserving goodwill.,Services:$27.4B,Medium,Legal;Operations,+0.1%,0.84,Fraud Reduction -> Margin Protection,Success,Reimbursement criteria clarified.,fraud;services,0.96,0.65,0.75,0.85,Legal ensured compliance with consumer law.,Tighten reimbursement thresholds moderately,0.92
100,Q3-2025,Legal,Revenue Recognition Audit Preparedness,Compliance Assurance,Deferred revenue $13.6B,Preemptively strengthen audit documentation for Q3 filings.,Maintain; Internal audit; External audit,Internal audit,Protects reporting integrity.,Deferred_Revenue:$13.6B; Revenue:$94.0B,Low,Finance,0%,0.88,Compliance -> Investor Trust,Success,Audit documentation enhanced.,audit;revenue,0.95,0.55,0.65,0.98,Finance confident but supportive.,Enhance internal audit readiness,0.93
101,Q3-2025,Operations,Supply Chain Insurance Coverage Expansion,Risk Management,Global production footprint,Increase insurance coverage for critical suppliers.,Maintain; +5%; +10%,+5%,Mitigates disruption exposure.,Revenue:$94.0B; PPE:$48.5B,Medium,Finance;Legal,-0.05%,0.82,Risk Mitigation -> Revenue Stability,Pending,Coverage expanded selectively.,supply;insurance,0.85,0.6,0.96,0.9,Finance evaluated premium cost impact.,Adopt moderate insurance expansion,0.9
102,Q3-2025,R&D,AI Dataset Governance Framework,Data Integrity,AI deployment across products,Formalize dataset sourcing and validation controls.,No framework; Guidelines; Formal governance,Formal governance,Reduces legal and bias exposure.,R&D:$8.9B,High,Legal;Finance,-0.1%,0.8,Data Integrity -> Brand Trust,Pending,Governance standards formalized.,ai;dataset;governance,0.85,0.97,0.7,0.98,Legal demanded documentation controls.,Establish AI dataset governance framework,0.92
103,Q3-2025,Finance,Product Mix Margin Modeling Enhancement,Profit Optimization,iPhone $44.6B and Mac $8.0B growth,Refine SKU-level margin analytics.,Maintain; Improve; AI-driven modeling,AI-driven modeling,Enhances pricing and production decisions.,Revenue:$94.0B,Low,Operations;R&D,+0.2%,0.86,Margin Precision -> Profit Expansion,Success,SKU-level dashboards deployed.,margin;sku,0.97,0.75,0.8,0.7,Ops requested integration with demand forecast.,Deploy AI-based margin modeling tool,0.93
104,Q3-2025,Legal,Regional Tax Exposure Assessment,Regulatory Risk,Global revenue footprint,Assess evolving tax exposure across regions.,No action; Partial; Comprehensive,Comprehensive,Prevents unexpected liabilities.,Revenue:$94.0B,Medium,Finance,-0.05%,0.83,Tax Stability -> Earnings Protection,Pending,Exposure analysis delivered.,tax;compliance,0.92,0.6,0.7,0.98,Finance modeled potential impact.,Initiate comprehensive regional tax review,0.91
105,Q3-2025,Finance,Channel Financing Risk Evaluation,Credit Oversight,Receivables $27.6B,Review risk concentration in financing partners.,Maintain; Tighten exposure; Diversify,Diversify,Reduces counterparty dependency risk.,Receivables:$27.6B,Medium,Legal;Operations,0%,0.85,Credit Diversification -> Cash Flow Stability,Pending,Financing mix diversified.,receivables;credit,0.96,0.55,0.7,0.9,Ops concerned about onboarding new partners.,Diversify channel financing base,0.92
106,Q3-2025,Operations,Inventory Obsolescence Risk Mitigation,Asset Protection,Inventory $5.9B,Accelerate clearance of aging SKUs.,Maintain; Discount 5%; Discount 8%,Discount 5%,Reduces write-down exposure.,Inventory:$5.9B,Medium,Finance,-0.2%,0.81,Lower Obsolescence -> Margin Protection,Success,Aging inventory reduced.,inventory;obsolescence,0.88,0.6,0.97,0.75,Finance balanced margin vs write-off risk.,Apply selective 5% clearance discount,0.9
107,Q3-2025,R&D,Subscription Downgrade Predictive Modeling,Revenue Defense,Services growth +13%,Predict users at risk of downgrading plans.,No model; Basic; Advanced,Advanced,Preserves ARPU trajectory.,Services:$27.4B; Deferred_Revenue:$13.6B,Medium,Finance,+0.3%,0.86,Churn Prevention -> Revenue Stability,Pending,Downgrade risk model deployed.,subscription;churn,0.95,0.97,0.75,0.7,Finance sought ROI validation.,Adopt advanced downgrade risk analytics,0.94
108,Q3-2025,Finance,App Store Commission Elasticity Analysis,Pricing Strategy,Services $27.4B,Model commission elasticity across segments.,Maintain; Limited study; Deep elasticity modeling,Deep elasticity modeling,Improves pricing optimization.,Services:$27.4B,High,Legal;R&D,+0.2%,0.82,Commission Optimization -> Revenue Growth,Pending,Elasticity model under development.,appstore;commission,0.96,0.75,0.7,0.85,Legal monitored regulatory risk.,Conduct deep commission elasticity study,0.9
109,Q3-2025,Operations,Manufacturing Carbon Accounting Enhancement,Sustainability Tracking,Global operations footprint,Enhance carbon reporting precision at plant level.,Maintain; Improve 5%; Improve 10%,Improve 5%,Aligns with ESG commitments.,PPE:$48.5B; Revenue:$94.0B,Low,Finance;Legal,0%,0.84,ESG Transparency -> Investor Confidence,Pending,Plant-level reporting improved.,carbon;manufacturing,0.9,0.6,0.97,0.95,Finance assessed reporting cost.,Adopt incremental carbon reporting enhancement,0.92
110,Q3-2025,R&D,Demand Forecast Drift Correction Algorithm,Forecast Precision,Growth variability across segments,Develop algorithm to detect forecast bias drift.,Maintain; Improve; AI-based drift detection,AI-based drift detection,Improves production planning accuracy.,Revenue:$94.0B,Medium,Operations;Finance,+0.2%,0.85,Forecast Accuracy -> Cost Efficiency,Pending,Drift detection algorithm piloted.,forecast;ai,0.92,0.97,0.8,0.75,Ops required integration testing.,Deploy AI-based forecast correction model,0.93
111,Q3-2025,Legal,AI Model Explainability Standards,Governance Framework,Regulatory scrutiny on AI systems,Formalize explainability documentation standards.,Maintain; Partial guidelines; Formal standards,Formal standards,Reduces regulatory investigation risk.,R&D:$8.9B,High,R&D;Finance,-0.1%,0.81,Compliance -> Legal Risk Reduction,Pending,Explainability policy framework drafted.,ai;compliance,0.88,0.9,0.65,0.98,R&D worried about slower deployment.,Adopt formal explainability standards,0.91
112,Q3-2025,Finance,Cost-to-Serve Segment Analysis,Profitability Optimization,Revenue $94.0B,Analyze cost-to-serve by product and region.,Maintain; Segment-level; Granular,Granular,Improves pricing and distribution decisions.,Revenue:$94.0B; Operating_Income:$28.2B,Medium,Operations,+0.3%,0.87,Cost Insight -> Margin Expansion,Success,Granular profitability dashboard created.,cost;analysis,0.97,0.75,0.85,0.75,Ops integrated logistics data.,Deploy granular cost-to-serve model,0.94
113,Q3-2025,Operations,Enterprise Device Penetration Initiative,B2B Growth,Record installed base,Increase enterprise penetration in select regions.,Maintain; Pilot; Aggressive expansion,Pilot,Tests enterprise growth without overspend.,Revenue:$94.0B,Medium,Finance;Legal,+0.3%,0.83,Enterprise Growth -> Revenue Diversification,Pending,Enterprise pilot launched.,enterprise;b2b,0.9,0.7,0.96,0.85,Finance capped budget scope.,Launch targeted enterprise pilot,0.91
114,Q3-2025,Finance,Working Capital Cycle Compression,Efficiency Drive,Inventory $5.9B and receivables $27.6B,Reduce working capital cycle by 2 days.,Maintain; Improve 1 day; Improve 2 days,Improve 1 day,Enhances cash efficiency.,Inventory:$5.9B; Receivables:$27.6B,Medium,Operations,+0.2%,0.85,Cash Efficiency -> Liquidity Strength,Success,Cycle reduced by 0.8 days.,working_capital;cash,0.97,0.6,0.85,0.75,Ops aligned procurement timing.,Adopt incremental working capital optimization,0.93
115,Q3-2025,Legal,Vendor Dependency Risk Assessment,Supplier Governance,High-volume component sourcing,Evaluate dependency concentration across vendors.,Maintain; Basic review; Advanced assessment,Advanced assessment,Prevents supply shock exposure.,Revenue:$94.0B,Medium,Operations;Finance,-0.05%,0.84,Risk Diversification -> Revenue Protection,Pending,Dependency matrix completed.,vendor;risk,0.88,0.6,0.9,0.98,Ops analyzed alternate suppliers.,Implement advanced vendor dependency review,0.92
116,Q3-2025,Operations,Cloud Burst Capacity Monetization Model,Revenue Innovation,Services capacity utilization patterns,Monetize excess burst capacity for enterprise clients.,Maintain; Limited offering; Scaled offering,Limited offering,Generates incremental revenue with low risk.,Services:$27.4B; GM:75.6%,Medium,Finance;Legal,+0.2%,0.84,Capacity Monetization -> Revenue Growth,Pending,Enterprise burst offering piloted.,cloud;enterprise;capacity,0.92,0.88,0.96,0.8,Finance required margin validation.,Launch limited enterprise burst capacity offering,0.93
117,Q3-2025,R&D,AI Red-Team Stress Testing Expansion,Risk Mitigation,Expansion of AI features with R&D $8.9B,Increase adversarial testing coverage before feature releases.,Maintain; Moderate expansion; Full expansion,Moderate expansion,Balances safety and release cadence.,R&D:$8.9B,High,Legal;Finance,-0.1%,0.82,Risk Mitigation -> Brand Protection,Pending,Red-team coverage expanded by 30%.,ai;testing;safety,0.85,0.97,0.7,0.95,Finance cautious about added cost.,Approve moderate red-team expansion,0.91
118,Q3-2025,Finance,Warranty Cost Forecast Enhancement,Cost Modeling,High shipment volumes with Revenue $94.0B,Refine warranty cost forecasting algorithm.,Maintain; Improve; AI-enhanced model,AI-enhanced model,Reduces reserve misestimation risk.,Revenue:$94.0B; Inventory:$5.9B,Medium,Operations,+0.1%,0.87,Forecast Accuracy -> Margin Stability,Success,Forecast error reduced by 12%.,warranty;forecast,0.97,0.75,0.85,0.7,Ops provided defect trend inputs.,Deploy AI warranty forecast model,0.93
119,Q3-2025,Finance,Device Upgrade Cycle Elasticity Study,Demand Strategy,iPhone revenue $44.6B,Analyze elasticity of upgrade timing across cohorts.,Maintain; Limited study; Comprehensive,Comprehensive,Optimizes pricing and launch timing.,iPhone:$44.6B; Revenue:$94.0B,Medium,R&D;Operations,+0.2%,0.84,Upgrade Timing -> Revenue Optimization,Pending,Upgrade cycle model presented to exec team.,upgrade;elasticity,0.96,0.8,0.75,0.75,R&D required roadmap alignment.,Proceed with comprehensive elasticity modeling,0.92
120,Q3-2025,Legal,Regulatory Engagement Budget Allocation,Governance Planning,Global revenue footprint,Reallocate regulatory engagement resources to high-risk regions.,Maintain; Minor shift; Strategic shift,Strategic shift,Prevents costly compliance disputes.,Revenue:$94.0B,Medium,Finance,-0.05%,0.83,Regulatory Stability -> Earnings Protection,Pending,Engagement budget rebalanced.,regulatory;budget,0.9,0.6,0.65,0.98,Finance required cost discipline.,Adopt strategic regulatory budget reallocation,0.91
121,Q3-2025,Operations,Supply Lead-Time Compression Initiative,Operational Efficiency,High global demand levels,Reduce supplier lead time by 4%.,Maintain; Improve 2%; Improve 4%,Improve 2%,Reduces inventory buffer requirements.,Inventory:$5.9B; Revenue:$94.0B,Medium,Finance,+0.2%,0.85,Faster Supply -> Working Capital Efficiency,Pending,Supplier contracts renegotiated.,supply;lead_time,0.92,0.7,0.97,0.75,Finance validated cost savings.,Implement incremental lead-time reduction plan,0.93
122,Q3-2025,Operations,Trade-In Program Optimization,Revenue Retention,Record installed base,Adjust trade-in valuations to stimulate upgrades.,Maintain; +3% value; +5% value,+3% value,Encourages upgrade without heavy margin erosion.,iPhone:$44.6B,Medium,Finance,+0.3%,0.83,Upgrade Incentive -> Revenue Growth,Success,Trade-in participation increased 6%.,tradein;upgrade,0.88,0.7,0.96,0.75,Finance monitored margin impact.,Adopt moderate trade-in value increase,0.91
123,Q3-2025,Operations,Data Center Geographic Redundancy Review,Infrastructure Resilience,Services $27.4B,Evaluate secondary regional backup sites.,Maintain; Limited redundancy; Broad redundancy,Limited redundancy,Enhances uptime without excessive capex.,Services:$27.4B; PPE:$48.5B,Medium,Finance;Legal,-0.05%,0.84,Reliability -> Retention,Pending,Backup capacity added in 2 regions.,datacenter;redundancy,0.85,0.88,0.96,0.8,Finance restricted capital allocation.,Adopt limited redundancy expansion,0.92
124,Q3-2025,R&D,Services Upsell UX Redesign,Monetization Enhancement,Services $27.4B,Redesign upsell prompts within ecosystem apps.,Maintain; Minor refresh; Major redesign,Minor refresh,Improves attach-rate without harming UX.,Services:$27.4B,Low,Finance,+0.3%,0.86,UX Optimization -> ARPU Growth,Success,Attach-rate improved 1.8%.,services;ux;upsell,0.95,0.97,0.75,0.7,Finance tracked incremental revenue.,Proceed with minor UX enhancement,0.94
125,Q3-2025,Finance,Earnings Volatility Buffer Modeling,Financial Stability,Operating Income $28.2B,Model volatility buffer for earnings stability.,Maintain; Basic; Advanced,Advanced,Improves board-level planning resilience.,Operating_Income:$28.2B; EPS:$1.57,Low,Operations,0%,0.88,Stability -> Investor Confidence,Success,Buffer model integrated into forecasts.,earnings;volatility,0.97,0.6,0.7,0.75,Ops requested integration with cost model.,Deploy advanced volatility buffer analysis,0.93
126,Q3-2025,R&D,Product Cannibalization Modeling,Portfolio Optimization,Mac $8.0B and iPad $6.6B growth,Analyze overlap between device segments.,Maintain; Basic; Advanced,Advanced,Improves launch sequencing decisions.,Mac:$8.0B; iPad:$6.6B,Medium,Finance;Operations,+0.1%,0.85,Portfolio Balance -> Revenue Optimization,Pending,Cannibalization heatmap created.,portfolio;cannibalization,0.92,0.96,0.8,0.75,Finance requested pricing simulation.,Adopt advanced cross-product modeling,0.94
127,Q3-2025,Finance,Device Financing Default Risk Review,Credit Risk,Receivables $27.6B,Evaluate default exposure in device financing programs.,Maintain; Tighten criteria; Expand scoring,Expand scoring,Improves predictive risk management.,Receivables:$27.6B,Medium,Legal;Operations,-0.05%,0.84,Credit Stability -> Cash Flow Protection,Pending,Risk scoring model upgraded.,financing;credit,0.96,0.65,0.75,0.85,Legal reviewed lending compliance.,Upgrade financing risk scoring,0.92
128,Q3-2025,Operations,Repair Parts Inventory Optimization,Cost Efficiency,Growing installed base,Optimize spare-parts stocking levels.,Maintain; Reduce 5%; Increase 5%,Reduce 5%,Reduces holding cost without service delay.,Inventory:$5.9B,Medium,Finance,+0.1%,0.83,Inventory Efficiency -> Margin Protection,Success,Spare inventory reduced 4%.,repair;inventory,0.9,0.6,0.97,0.75,Finance validated service KPIs.,Approve controlled parts inventory reduction,0.92
129,Q3-2025,R&D,AI Feature Phased Rollout Governance,Release Management,Multiple AI features announced,Formalize phased release gating system.,Maintain; Informal gating; Formal gating,Formal gating,Reduces post-release defect risk.,R&D:$8.9B,Medium,Legal;Operations,-0.05%,0.84,Controlled Release -> Lower Support Cost,Pending,Phased gating policy approved.,ai;release;governance,0.85,0.97,0.75,0.9,Ops sought rollback safeguards.,Implement formal phased rollout controls,0.93
130,Q3-2025,Finance,Margin Floor Policy Framework,Profit Protection,Revenue $94.0B,Set internal margin floor targets by segment.,No floor; Soft floor; Hard floor,Soft floor,Prevents excessive promotional erosion.,Revenue:$94.0B; Operating_Income:$28.2B,Medium,Operations,-0.05%,0.85,Margin Discipline -> Profit Stability,Pending,Soft margin thresholds defined.,margin;policy,0.97,0.6,0.85,0.75,Ops argued flexibility needed.,Adopt soft margin guardrail policy,0.93
131,Q3-2025,Legal,Enterprise Compliance Certification Expansion,Market Access,Enterprise penetration initiative,Obtain additional compliance certifications.,Maintain; Selective; Broad expansion,Selective,Supports enterprise sales credibility.,Revenue:$94.0B,Medium,Operations;Finance,+0.2%,0.83,Compliance -> Enterprise Revenue Growth,Pending,Two certifications initiated.,enterprise;compliance,0.9,0.65,0.8,0.98,Finance limited cost allocation.,Adopt selective certification expansion,0.91
132,Q3-2025,Finance,Capital Allocation Sensitivity Modeling,Strategic Planning,Cash $36.3B and repurchases $69.3B,"Model sensitivity across capex, buybacks, and R&D.",Maintain; Basic; Advanced,Advanced,Optimizes allocation trade-offs.,Cash:$36.3B; Repurchases:$69.3B,Low,R&D;Operations,+0.1%,0.88,Optimal Allocation -> EPS Stability,Success,Sensitivity dashboard presented to board.,capital;allocation,0.98,0.7,0.75,0.8,R&D protected innovation budget.,Deploy advanced allocation sensitivity model,0.95
133,Q3-2025,Operations,Chip Supply Buffer Planning,Supply Resilience,High iPhone revenue $44.6B,Increase buffer stock for critical chips.,Maintain; +5%; +10%,+5%,Mitigates semiconductor shortage risk.,iPhone:$44.6B; Inventory:$5.9B,Medium,Finance,-0.1%,0.84,Supply Stability -> Revenue Protection,Pending,Buffer inventory modestly increased.,chips;supply,0.92,0.65,0.97,0.8,Finance concerned about holding cost.,Adopt moderate chip buffer expansion,0.93
134,Q3-2025,Legal,Service-Level Agreement Penalty Review,Contract Governance,Services $27.4B,Reassess SLA penalty exposure in enterprise contracts.,Maintain; Renegotiate; Tighten clauses,Renegotiate,Limits downside exposure.,Services:$27.4B,Medium,Finance;Operations,-0.05%,0.83,Contract Risk Reduction -> Revenue Protection,Pending,SLA clauses renegotiated in key contracts.,sla;contract,0.9,0.6,0.75,0.98,Finance reviewed risk modeling.,Initiate targeted SLA renegotiation strategy,0.92
135,Q3-2025,Operations,Channel Inventory Transparency Platform,Supply Visibility,Inventory $5.9B,Deploy shared dashboard for reseller inventory levels.,Maintain; Pilot; Full rollout,Pilot,Improves planning coordination.,Inventory:$5.9B; Revenue:$94.0B,Medium,Finance,+0.2%,0.86,Transparency -> Reduced Overstock Risk,Pending,Dashboard piloted in 4 regions.,channel;inventory;visibility,0.92,0.75,0.97,0.75,Finance requested integration safeguards.,Launch controlled transparency pilot,0.94
136,Q3-2025,R&D,Device Lifecycle Extension Initiative,Sustainability Strategy,Record installed base,Extend OS support lifecycle by 1 year.,Maintain; +6 months; +1 year,+6 months,Balances sustainability and upgrade cadence.,Installed_Base:Record; Revenue:$94.0B,Medium,Finance;Operations,-0.1%,0.82,Longer Lifecycle -> Brand Loyalty,Pending,Lifecycle extended for select models.,lifecycle;os_support,0.88,0.97,0.75,0.9,Finance evaluated impact on upgrade rate.,Extend support by 6 months selectively,0.92
137,Q3-2025,R&D,AI Latency SLA Definition Framework,Performance Governance,Services $27.4B with AI features scaling,Define latency SLAs for AI-powered features.,No SLA; Soft targets; Formal SLA,Soft targets,Balances performance guarantees without excessive infra cost.,Services:$27.4B; R&D:$8.9B,Medium,Operations;Finance,+0.1%,0.84,Latency Stability -> Retention,Pending,Latency benchmarks standardized.,ai;latency;sla,0.9,0.97,0.8,0.85,Ops sought infra budget clarity.,Adopt soft SLA performance targets,0.93
138,Q3-2025,Finance,Wearables Revenue Stabilization Strategy,Segment Recovery,Wearables $7.4B (-9%),Model promotional and bundling strategies to stabilize decline.,Maintain; Bundle push; Price discount,Bundle push,Encourages ecosystem attachment over pure discounting.,Wearables:$7.4B; Revenue:$94.0B,Medium,Operations;R&D,+0.2%,0.83,Bundle Growth -> Segment Recovery,Pending,Bundle tests initiated.,wearables;bundle,0.95,0.75,0.85,0.75,Ops cautious about cannibalization.,Proceed with bundled ecosystem promotion,0.91
139,Q3-2025,Finance,Deferred Revenue Timing Optimization,Accounting Strategy,Deferred revenue $13.6B,Review subscription billing cadence impact on cash flow.,Maintain; Adjust cycle; Hybrid,Hybrid,Improves cash predictability without recognition risk.,Deferred_Revenue:$13.6B; Cash:$36.3B,Low,Legal,+0.05%,0.87,Cash Flow Stability -> Liquidity Strength,Success,Billing cadence refined.,deferred;cashflow,0.97,0.6,0.7,0.95,Legal ensured compliance.,Adopt hybrid billing cadence refinement,0.94
140,Q3-2025,R&D,Silicon Roadmap Prioritization Review,Innovation Strategy,Mac $8.0B and iPhone $44.6B growth,Reassess silicon allocation between device lines.,Maintain; iPhone priority; Balanced,Balanced,Preserves ecosystem innovation synergy.,iPhone:$44.6B; Mac:$8.0B,High,Finance;Operations,+0.2%,0.85,Balanced Innovation -> Revenue Diversification,Pending,Roadmap priorities reaffirmed.,silicon;roadmap,0.88,0.98,0.85,0.8,Finance tracked ROI alignment.,Maintain balanced silicon roadmap investment,0.94
141,Q3-2025,Legal,Security Bug Bounty Expansion,Cybersecurity Governance,Growing installed base,Increase security bounty payouts to attract researchers.,Maintain; +20%; +40%,+20%,Improves vulnerability discovery speed.,Revenue:$94.0B,Medium,R&D;Finance,-0.05%,0.83,Security Strength -> Brand Trust,Pending,Bounty program enhanced.,security;bounty,0.9,0.96,0.75,0.98,Finance monitored payout scale.,Expand bounty incentives moderately,0.93
142,Q3-2025,Finance,Promotional Margin Guardrail Enforcement,Profit Discipline,Revenue $94.0B with mixed segment trends,Reinforce promotional margin guardrails during campaigns.,Maintain; Soft enforcement; Strict enforcement,Soft enforcement,Protects GM without harming sales velocity.,Operating_Income:$28.2B; Revenue:$94.0B,Medium,Operations,-0.1%,0.85,Margin Protection -> EPS Stability,Pending,Guardrails communicated to regions.,margin;promotion,0.97,0.65,0.85,0.8,Ops required seasonal flexibility.,Adopt soft enforcement guardrails,0.93
143,Q3-2025,Legal,Enterprise Data Residency Policy Update,Compliance Strategy,Enterprise penetration growth,Update data residency commitments for select markets.,Maintain; Partial; Comprehensive,Partial,Balances compliance and infra cost.,Revenue:$94.0B,High,Operations;Finance,-0.1%,0.82,Regulatory Compliance -> Market Access,Pending,Policy updated in 3 regions.,data;residency,0.92,0.75,0.8,0.99,Ops flagged infra upgrades.,Adopt selective residency commitments,0.92
144,Q3-2025,Finance,Logistics Fuel Hedging Strategy,Cost Stability,Global device shipments,Increase fuel hedging coverage for air freight exposure.,Maintain; +10%; +20%,+10%,Reduces shipping cost volatility.,Revenue:$94.0B,Medium,Operations,+0.05%,0.84,Cost Stability -> Margin Protection,Success,Hedging contracts secured.,fuel;hedging,0.96,0.6,0.85,0.8,Ops modeled logistics volatility.,Expand fuel hedging modestly,0.93
145,Q3-2025,Operations,Repair Turnaround Guarantee Program,Customer Experience,Record installed base,Pilot guaranteed 48-hour repair turnaround.,Maintain; Pilot; Full rollout,Pilot,Improves loyalty without scaling risk.,Installed_Base:Record; Revenue:$94.0B,Medium,Finance;Legal,+0.2%,0.82,Faster Service -> Retention,Pending,Program piloted in metro areas.,repair;service,0.9,0.7,0.97,0.85,Finance required ROI tracking.,Launch repair guarantee pilot,0.92
146,Q3-2025,Legal,Developer Dispute Arbitration Policy Update,Platform Governance,Services $27.4B,Standardize dispute resolution timelines.,Maintain; Clarify; Major overhaul,Clarify,Reduces litigation exposure.,Services:$27.4B,Medium,Finance,-0.05%,0.83,Reduced Legal Risk -> Stability,Pending,Arbitration timelines standardized.,developer;arbitration,0.92,0.65,0.7,0.98,Finance concerned about legal fees.,Implement clarified arbitration policy,0.93
147,Q3-2025,Finance,Liquidity Buffer Optimization Review,Capital Management,Cash $36.3B,Assess optimal liquidity reserve threshold.,Maintain; Reduce; Increase,Maintain,Balances buybacks and stability.,Cash:$36.3B; Repurchases:$69.3B,Low,Legal,0%,0.89,Liquidity Stability -> Investor Confidence,Success,Liquidity threshold unchanged.,liquidity;capital,0.98,0.6,0.7,0.85,Legal supported conservative stance.,Maintain current liquidity buffer,0.95
148,Q3-2025,Operations,Product Launch Readiness Gating,Execution Governance,Multiple Q4 launches approaching,Formalize launch readiness criteria scoring.,Maintain; Informal; Structured,Structured,Improves launch reliability.,Revenue:$94.0B,Medium,R&D;Finance,+0.1%,0.86,Launch Precision -> Revenue Protection,Pending,Launch scorecard adopted.,launch;governance,0.92,0.95,0.98,0.8,R&D aligned milestone tracking.,Implement structured launch gating system,0.95
149,Q3-2025,Finance,Services Revenue Concentration Risk Analysis,Risk Assessment,Services $27.4B,Assess revenue concentration by service category.,Maintain; Basic; Detailed,Detailed,Improves strategic planning.,Services:$27.4B,Medium,R&D;Legal,0%,0.87,Diversification Insight -> Stability,Success,Revenue breakdown dashboard delivered.,services;concentration,0.97,0.75,0.7,0.85,Legal monitored disclosure alignment.,Deploy detailed concentration analytics,0.94
150,Q3-2025,Operations,Workforce Productivity Analytics Deployment,Efficiency Initiative,R&D $8.9B spend,Deploy productivity tracking dashboards.,Maintain; Pilot; Full rollout,Pilot,Optimizes output per engineering dollar.,R&D:$8.9B,Medium,Finance,+0.1%,0.84,Productivity Gain -> Cost Efficiency,Pending,Dashboards piloted in two divisions.,productivity;analytics,0.9,0.92,0.95,0.75,Finance tracked cost metrics.,Pilot productivity analytics deployment,0.93
151,Q3-2025,Legal,Anti-Counterfeit Supply Controls,Brand Protection,High iPhone volume $44.6B,Strengthen anti-counterfeit supplier audits.,Maintain; Moderate; Aggressive,Moderate,Protects brand equity.,iPhone:$44.6B,Medium,Operations;Finance,-0.05%,0.84,Brand Protection -> Revenue Stability,Pending,Supplier audits expanded.,counterfeit;brand,0.92,0.75,0.95,0.99,Ops aligned supplier compliance.,Adopt moderate audit expansion,0.94
152,Q3-2025,R&D,AI Inference Localization Strategy,Performance Optimization,Global AI usage growth,Shift part of inference to on-device processing.,Maintain; Hybrid; Cloud-only,Hybrid,Balances cost and latency.,Services:$27.4B; R&D:$8.9B,High,Finance;Operations,+0.2%,0.83,Latency Reduction -> Retention,Pending,Hybrid inference rollout underway.,ai;localization,0.88,0.98,0.9,0.85,Finance monitored infra savings.,Adopt hybrid inference localization approach,0.94
153,Q3-2025,Finance,Return Window Policy Sensitivity Study,Revenue Protection,High device volumes,Model impact of shorter return window.,Maintain; Reduce 7 days; Reduce 14 days,Reduce 7 days,Reduces abuse without harming satisfaction.,Revenue:$94.0B,Medium,Legal;Operations,+0.1%,0.84,Lower Returns -> Margin Lift,Pending,Sensitivity model delivered.,returns;policy,0.96,0.65,0.85,0.9,Legal required consumer protection review.,Pilot 7-day reduction in select regions,0.92
154,Q3-2025,Finance,Channel Rebate ROI Validation,Cost Accountability,Revenue $94.0B,Evaluate ROI of regional channel rebates.,Maintain; Reduce; Performance-based,Performance-based,Aligns rebates to measurable outcomes.,Revenue:$94.0B; Operating_Income:$28.2B,Medium,Operations,+0.2%,0.87,Rebate Efficiency -> Margin Gain,Success,Rebate structure revised.,rebate;roi,0.97,0.7,0.9,0.75,Ops ensured sales alignment.,Implement performance-based rebate system,0.95
155,Q3-2025,Legal,Enterprise Data Breach Simulation Drill,Preparedness Testing,Enterprise services growth,Conduct simulated breach exercise.,Maintain; Tabletop; Full simulation,Full simulation,Improves response readiness.,Services:$27.4B,High,R&D;Operations,-0.05%,0.85,Preparedness -> Reduced Legal Exposure,Pending,Simulation completed with improvement plan.,cyber;simulation,0.92,0.9,0.88,0.99,Finance validated risk mitigation value.,Conduct full breach simulation drill,0.95
156,Q3-2025,Finance,Long-Term Silicon Capex Forecast Model,Strategic Forecasting,PPE $48.5B and silicon roadmap demands,Model 5-year silicon capex trajectory.,Maintain; 3-year; 5-year forecast,5-year forecast,Aligns innovation with capital planning.,PPE:$48.5B; R&D:$8.9B,Medium,R&D;Operations,0%,0.88,Capex Discipline -> Long-Term Stability,Pending,5-year capex model delivered.,capex;silicon,0.98,0.85,0.8,0.85,R&D secured long-term roadmap funding.,Deploy 5-year silicon capex forecast framework,0.96
