case_id,quarter,department,decision_title,decision_archetype,trigger,decision_description,options_considered,chosen_option,reasoning_summary,quantitative_signals,risk_level,cross_dept_impact,expected_profit_impact,profit_confidence,profit_impact_pathway,outcome_status,outcome_summary,decision_tags,finance_agent_conf,r&d_agent_conf,ops_agent_conf,legal_agent_conf,conflicting_perspectives,master_agent_decision,master_agent_confidence
MARS-2025-1,Q2-2025,Operations,Scale Cloud Infrastructure for Services Growth,Capacity Expansion,Services revenue grew 12% YoY to $26.6B,Increase data center capacity to support App Store and cloud growth.,Option A: Maintain capacity; Option B: Incremental expansion; Option C: Accelerated expansion,Incremental expansion,High Services GM (75.7%) supports scaling while maintaining cost discipline.,Services_Growth:+12%; GM:75.7%; OCF_6M:$53.9B,Medium,Finance;R&D,+0.5%,0.86,Infra Expansion -> Service Reliability -> Subscription Retention -> Margin Expansion,Pending,Phased capex deployment approved.,services;cloud;infrastructure,0.88,0.82,0.94,0.7,Finance preferred slower capex; Ops cited uptime risks during growth.,Approve phased expansion tied to demand thresholds,0.89
MARS-2025-2,Q2-2025,Finance,China iPhone Trade-In Incentive Review,Commercial Strategy,Greater China revenue declined 2% YoY,Evaluate enhanced trade-in credits to stimulate upgrade cycles.,Option A: No change; Option B: Trade-in boost; Option C: Retail discount,Trade-in boost,Preserves premium pricing while stimulating unit volume.,China_Revenue:-2%; iPhone_Growth:+2%,Medium,Operations;Legal,+0.2%,0.72,Upgrade Cycle Acceleration -> Volume Stability -> Revenue Protection,Pending,Elasticity modeling underway.,china;iphone;pricing,0.92,0.6,0.75,0.65,Legal cautioned about regulatory optics of pricing incentives.,Proceed with limited-duration trade-in boost,0.83
MARS-2025-3,Q2-2025,Operations,Rebalance Assembly Mix Amid Tariff Expansion,Supply Chain Rebalancing,New U.S. tariffs affecting imports from China,Shift 10% of production mix to India/Vietnam facilities.,Option A: Absorb cost; Option B: Shift 10%; Option C: Shift 25%,Shift 10%,Reduces tariff exposure while avoiding major disruption.,Tariff_Risk:High; Gross_Margin:47.1%,High,Finance;Legal;R&D,-0.1%,0.74,Cost Mitigation -> Margin Protection -> Supply Resilience,Pending,Pilot reallocation initiated.,tariff;supply_chain;india,0.85,0.6,0.92,0.88,Finance suggested FX hedging instead; Ops prioritized operational hedge.,Approve controlled production shift with quarterly review,0.86
MARS-2025-4,Q2-2025,R&D,Accelerate Wearables Refresh Cycle,Product Acceleration,Wearables revenue declined 5% YoY,Advance next-gen wearable launch timeline by one quarter.,Option A: Stay roadmap; Option B: Minor refresh; Option C: Accelerate redesign,Accelerate redesign,Revives weakest segment while reinforcing ecosystem engagement.,Wearables:-5%; Services:+12%,Medium,Operations;Finance,-0.2%,0.7,Product Refresh -> Device Sales -> Ecosystem Lock-in,Pending,Engineering resources reallocated.,wearables;product;innovation,0.65,0.95,0.7,0.6,Finance concerned about R&D cost spike; R&D emphasized strategic relevance.,Accelerate with cost oversight checkpoints,0.84
MARS-2025-5,Q2-2025,Finance,Optimize Buyback Execution Under $100B Authorization,Capital Allocation,Board authorized additional $100B share repurchase,Determine pacing relative to cash reserves and tariff uncertainty.,Option A: Aggressive buyback; Option B: Balanced pacing; Option C: Delay,Balanced pacing,Supports EPS while preserving flexibility amid macro risk.,Cash:$28.1B; Buyback_6M:$48.3B,Low,Legal;Operations,+0.3%,0.9,EPS Accretion -> Investor Confidence -> Shareholder Return,Success,Paced execution strategy implemented.,buyback;capital_return;eps,0.98,0.5,0.6,0.8,Operations advocated retaining capital for infra investments.,Proceed with flexible pacing aligned to cash flow,0.91
MARS-2025-6,Q2-2025,Operations,Renegotiate Services Vendor Contracts,Cost Optimization,Services margin pressure from rising infrastructure costs,Initiate vendor renegotiation to protect 75.7% gross margin.,Option A: No action; Option B: Renegotiate contracts; Option C: Pass cost to users,Renegotiate contracts,Maintains premium Services margin without impacting subscribers.,Services_GM:75.7%; SG&A:+4%,Medium,Finance;Legal,+0.2%,0.85,Cost Reduction -> Margin Stability -> EPS Growth,Pending,Vendor benchmarking analysis launched.,services;margin;vendor,0.9,0.7,0.88,0.76,Legal flagged potential contractual disputes.,Proceed with structured renegotiation plan,0.88
MARS-2025-7,Q2-2025,Finance,Approve 4% Dividend Increase to $0.26,Capital Return Policy,Strong operating cash flow and EPS growth,Approve quarterly dividend increase from $0.25 to $0.26.,Option A: Maintain dividend; Option B: Increase 4%; Option C: Increase 6%,Increase 4%,Aligns payout growth with 8% EPS growth while preserving liquidity.,EPS_Growth:+8%; OCF_6M:$53.9B,Low,Legal,+0.1%,0.93,Dividend Growth -> Shareholder Loyalty -> Market Stability,Success,Dividend increase approved and announced.,dividend;cashflow;shareholder,0.99,0.4,0.55,0.85,Minimal opposition; strong finance confidence.,Approve 4% increase aligned to earnings growth,0.95
MARS-2025-8,Q2-2025,Finance,Increase FX Hedge Coverage After Currency Weakness,Financial Risk Management,Foreign currency weakness impacted reported revenue,Expand forward FX hedging coverage for next 12 months.,Option A: Maintain hedge; Option B: Increase 10%; Option C: Increase 20%,Increase 10%,Improves revenue stability and margin predictability.,FX_Impact:Negative; Revenue:+5%,Medium,Legal;Operations,+0.1%,0.84,Revenue Stability -> Margin Predictability -> EPS Protection,Pending,Selective hedge expansion executed.,fx;hedging;currency,0.97,0.45,0.6,0.78,Operations questioned hedge premium costs.,Proceed with selective regional hedge expansion,0.89
MARS-2025-9,Q2-2025,Operations,Increase App Store Server Redundancy,Resilience,Services demand growth,Add regional redundancy for App Store traffic.,Maintain; Partial; Full,Partial,Protects uptime during 12% Services growth.,Services:+12%,Medium,Finance;R&D,+0.3%,0.84,Reliability->Retention->Revenue,Pending,Infra rollout staged.,services;uptime,0.85,0.8,0.92,0.7,Finance cautious on capex.,Approve staged redundancy,0.88
MARS-2025-10,Q2-2025,Finance,Adjust Services Pricing in EU,Commercial Strategy,Strong EU subscription uptake,Review minor pricing increase in EU tier plans.,No change; +3%; +5%,+3%,Leverages high GM 75.7% without churn spike.,GM:75.7%,Medium,Legal;Operations,+0.4%,0.79,Price Lift->Margin Expansion,Pending,Elasticity analysis underway.,services;pricing;eu,0.93,0.6,0.7,0.72,Legal reviewing compliance risk.,Proceed cautiously,0.86
MARS-2025-11,Q2-2025,Operations,Shift Air Freight to Sea for Mac Accessories,Cost Optimization,Stable demand forecast,Reduce expedited freight to protect margin.,Air; Mixed; Sea,Mixed,Balances cost and delivery timelines.,Margin:47.1%,Low,Finance,+0.2%,0.82,Cost Savings->GM Stability,Success,Freight mix optimized.,logistics;margin,0.9,0.55,0.94,0.65,Ops favored full sea freight.,Adopt mixed routing,0.87
MARS-2025-12,Q2-2025,R&D,Optimize iPad Chip Power Efficiency,Performance Optimization,iPad growth +15%,Improve chip efficiency for next revision.,No change; Minor; Major,Minor,Enhances lifecycle without cost surge.,iPad:+15%,Medium,Finance;Operations,+0.2%,0.76,Efficiency->Longevity->Sales,Pending,Firmware optimization in testing.,ipad;chip,0.7,0.95,0.75,0.65,Finance limits R&D spend.,Proceed incremental,0.84
MARS-2025-13,Q2-2025,Legal,Update EU Subscription Disclosure,Compliance,Services expansion,Revise subscription transparency language.,Maintain; Update; Overhaul,Update,Prevents DMA exposure.,Services:+12%,Medium,Finance;R&D,-0.1%,0.78,Compliance->Risk Avoidance,Success,Policy updated.,eu;compliance,0.75,0.6,0.65,0.96,Finance wary of friction.,Approve revision,0.89
MARS-2025-14,Q2-2025,Finance,Review SG&A Growth Controls,Opex Management,SG&A rose 4%,Audit discretionary corporate spending.,Maintain; Cut 5%; Cut 10%,Cut 5%,Protects margin amid tariff risk.,SG&A:+4%,Low,Operations,+0.3%,0.88,Cost Control->EPS Lift,Success,Budget trimmed.,opex;cost,0.97,0.5,0.7,0.72,Ops cautious on morale.,Implement moderate reduction,0.91
MARS-2025-15,Q2-2025,Operations,Increase India Assembly Share,Supply Diversification,Tariff risk high,Expand India share by additional 5%.,No shift; +5%; +15%,+5%,Gradual hedge against tariff exposure.,Tariff:High,High,Finance;Legal,-0.1%,0.74,Risk Diversification->Margin Stability,Pending,Capacity expansion planned.,tariff;india,0.86,0.55,0.93,0.85,Finance suggests FX hedge alternative.,Proceed limited shift,0.87
MARS-2025-16,Q2-2025,R&D,Reduce Watch Battery Drain,Quality Improvement,Wearables -5%,Optimize battery management algorithm.,Ignore; Patch; Redesign,Patch,Improves satisfaction without hardware cost.,Wearables:-5%,Medium,Operations;Finance,+0.1%,0.77,UX->Retention->Sales,Success,Update released.,wearables;battery,0.68,0.96,0.72,0.7,Finance limited redesign budget.,Release firmware patch,0.85
MARS-2025-17,Q2-2025,Finance,Expand Share Buyback Window,Capital Allocation,EPS +8%,Increase buyback pace temporarily.,Maintain; Expand; Delay,Expand,Supports EPS momentum.,EPS:+8%,Low,Legal,+0.4%,0.92,Buyback->EPS Growth,Success,Repurchase accelerated.,buyback;eps,0.99,0.45,0.6,0.82,Ops prefer infra investment.,Approve short-term acceleration,0.94
MARS-2025-18,Q2-2025,Legal,Assess Tariff Appeal Options,Regulatory Strategy,New US tariffs,Evaluate filing appeal or lobbying effort.,No action; Appeal; Lobby,Lobby,Seeks mitigation without legal battle.,Tariff:High,Medium,Finance;Operations,0.0%,0.7,Policy Influence->Cost Relief,Pending,Government affairs engaged.,tariff;policy,0.8,0.55,0.7,0.95,Finance cautious on optics.,Engage lobbying channels,0.88
MARS-2025-19,Q2-2025,Operations,Expand iCloud Edge Caching in APAC,Capacity Optimization,Services +12% with APAC traffic surge,Deploy additional edge caching nodes in APAC.,Maintain; Add 5 nodes; Add 15 nodes,Add 5 nodes,Improves latency while controlling capex.,Services:+12%; APAC_Traffic:+9%,Medium,Finance;R&D,+0.3%,0.83,Lower Latency->Retention->Revenue,Pending,Nodes procured and staged.,services;cloud;apac,0.86,0.82,0.93,0.7,Finance preferred deferral.,Approve limited expansion,0.88
MARS-2025-20,Q2-2025,Finance,China Retail Lease Renegotiation,Opex Optimization,China revenue -2%,Renegotiate underperforming retail leases.,Maintain; Renegotiate; Exit,Renegotiate,Reduces fixed cost without market exit.,China:-2%,Medium,Legal;Operations,+0.2%,0.8,Cost Savings->Margin Support,Success,3 leases renegotiated.,china;retail;opex,0.94,0.55,0.7,0.82,Legal flagged landlord pushback.,Proceed case-by-case,0.89
MARS-2025-21,Q2-2025,R&D,Improve iPad Display Calibration,Quality Enhancement,iPad +15% demand,Refine factory calibration to reduce color variance.,No change; Minor tweak; Full recalibration,Minor tweak,Improves customer satisfaction at low cost.,iPad:+15%; Returns:-0.6%,Low,Operations,+0.1%,0.78,Quality->Lower Returns->Margin,Success,Calibration updated.,ipad;quality;display,0.72,0.96,0.88,0.65,Finance avoided full overhaul.,Adopt minor tweak,0.87
MARS-2025-22,Q2-2025,Legal,Audit App Store Commission Disclosures,Compliance Review,Services growth +12%,Audit global commission disclosure language.,No audit; Limited; Full,Full,Prevents antitrust scrutiny amid expansion.,Services:+12%,Medium,Finance;R&D,-0.1%,0.84,Compliance->Fine Avoidance,Pending,Global audit initiated.,appstore;antitrust;compliance,0.82,0.6,0.65,0.97,Finance wary of churn risk.,Proceed full audit,0.91
MARS-2025-23,Q2-2025,Operations,Increase Vietnam Assembly Overtime,Throughput Expansion,Tariff diversification strategy,Approve overtime at Vietnam sites.,No OT; 2 weeks; 6 weeks,2 weeks,Meets shift targets without burnout risk.,Tariff_Shift:+10%,Medium,Finance,+0.2%,0.79,Throughput->Revenue Capture,Success,Backlog reduced 8%.,vietnam;assembly;overtime,0.88,0.55,0.94,0.68,Finance limited OT budget.,Approve short-term OT,0.87
MARS-2025-24,Q2-2025,Finance,Short-Term Debt Refinancing Review,Capital Structure,Interest volatility,Assess refinancing window for short-term notes.,Maintain; Refinance; Extend maturity,Refinance,Locks lower rates amid volatility.,Rate_Volatility:High,Medium,Legal,+0.1%,0.86,Lower Interest->EPS Stability,Pending,Bank negotiations ongoing.,debt;refinance,0.97,0.45,0.6,0.8,Legal reviewing covenants.,Proceed opportunistically,0.9
MARS-2025-25,Q2-2025,R&D,Optimize Mac SSD Firmware Reliability,Performance Stability,Mac +7% growth,Patch firmware to reduce rare data errors.,Ignore; Patch; Recall,Patch,Prevents PR risk with minimal cost.,Mac:+7%; Error_Rate:0.3%,Medium,Operations;Finance,+0.1%,0.77,Reliability->Trust->Sales,Success,Patch deployed OTA.,mac;ssd;firmware,0.7,0.97,0.8,0.7,Finance avoided recall cost.,Deploy patch,0.86
MARS-2025-26,Q2-2025,Legal,Review India Import Compliance,Regulatory Check,India production rising,Audit customs documentation processes.,No audit; Sample; Full,Full,Mitigates exposure amid scale-up.,India_Share:+5%,Medium,Finance;Operations,-0.1%,0.83,Compliance->Supply Continuity,Pending,External counsel engaged.,india;import;compliance,0.85,0.55,0.72,0.98,Finance concerned about audit cost.,Approve full audit,0.92
MARS-2025-27,Q2-2025,Operations,Automate EU Returns Processing,Process Automation,Higher online device sales,Deploy automation for returns triage.,Manual; Hybrid; Full,Hybrid,Cuts handling cost without full system risk.,EU_Returns:+4%,Medium,Finance;R&D,+0.2%,0.81,Efficiency->Cost Reduction,Pending,Pilot live in 2 countries.,eu;returns;automation,0.9,0.88,0.93,0.7,Finance cautious on rollout pace.,Scale gradually,0.89
MARS-2025-28,Q2-2025,Finance,Reprice AppleCare in Select Markets,Revenue Optimization,Strong Services GM 75.7%,Increase AppleCare pricing 2% in stable markets.,Maintain; +2%; +5%,+2%,Improves margin without major churn.,Services_GM:75.7%,Low,Legal;Operations,+0.3%,0.88,Price Lift->Margin Expansion,Success,Price updated in 4 regions.,applecare;pricing,0.96,0.55,0.7,0.75,Legal checked disclosure compliance.,Proceed modest increase,0.92
MARS-2025-29,Q2-2025,R&D,Enhance Wearables Sleep Tracking Accuracy,Product Improvement,Wearables -5%,Refine ML model for sleep metrics.,Ignore; Patch; Hardware revamp,Patch,Improves engagement without capex.,Wearables:-5%; Accuracy:+5%,Medium,Finance;Operations,+0.1%,0.78,Engagement->Device Sales,Pending,Model retraining underway.,wearables;sleep;ml,0.68,0.98,0.75,0.65,Finance avoided hardware revamp.,Deploy patch post-validation,0.87
MARS-2025-30,Q2-2025,Legal,Update Global Data Retention Policy,Privacy Governance,Services scaling globally,Standardize retention periods across regions.,Maintain; Harmonize; Localize,Harmonize,Reduces fragmentation and legal risk.,Services:+12%,Medium,Finance;R&D,-0.1%,0.82,Compliance->Operational Clarity,Success,Policy published internally.,privacy;data;governance,0.84,0.6,0.7,0.97,Ops feared system refactor cost.,Approve harmonized standard,0.91
MARS-2025-31,Q2-2025,Operations,Increase Safety Stock for Key Chips,Inventory Risk Mitigation,Tariff and supply volatility,Build 6-week safety stock for critical chips.,No change; 3 weeks; 6 weeks,3 weeks,Balances resilience with working capital.,Tariff_Risk:High,High,Finance;R&D,-0.1%,0.76,Supply Stability->Revenue Protection,Pending,Procurement initiated.,inventory;chips;supply,0.85,0.65,0.94,0.8,Finance cautious on cash lockup.,Adopt moderate buffer,0.88
MARS-2025-32,Q2-2025,Finance,Expand Corporate Bond Portfolio,Investment Strategy,Cash $28.1B,Shift portion into short-duration corporates.,Maintain; +5%; +10%,+5%,Enhances yield with manageable risk.,Cash:$28.1B,Low,Legal,+0.1%,0.89,Yield Lift->Income Stability,Success,Allocation adjusted.,investment;cash;yield,0.98,0.45,0.6,0.8,Legal confirmed compliance.,Approve incremental shift,0.93
MARS-2025-33,Q2-2025,R&D,Optimize iPhone Thermal Throttling,Performance Tuning,iPhone +2% growth,Adjust throttling curves for sustained performance.,No change; Patch; Hardware mod,Patch,Improves reviews without BOM change.,iPhone:+2%,Medium,Operations;Finance,+0.1%,0.75,Performance->Customer Satisfaction,Success,Firmware update issued.,iphone;thermal;firmware,0.72,0.96,0.85,0.68,Finance avoided hardware cost.,Deploy patch,0.86
MARS-2025-34,Q2-2025,Legal,Assess EU DMA Reporting Obligations,Regulatory Compliance,Services +12% EU growth,Prepare enhanced DMA compliance report.,Minimal; Standard; Enhanced,Enhanced,Prevents enforcement risk.,EU_Services:+9%,Medium,Finance;Operations,-0.1%,0.83,Compliance->Fine Avoidance,Pending,Draft report under review.,eu;dma;reporting,0.85,0.6,0.7,0.99,Finance wary of disclosure scope.,Submit enhanced report,0.93
MARS-2025-35,Q2-2025,Operations,Reduce Packaging Weight for MacBooks,Sustainability Optimization,Carbon reduction goals,Redesign packaging to cut weight 8%.,No change; 8%; 15%,8%,Cuts freight cost and emissions.,Mac:+7%; Freight:+6%,Medium,Finance;R&D,+0.2%,0.82,Lower Freight->Margin Support,Pending,Prototype approved.,sustainability;packaging;mac,0.9,0.85,0.94,0.72,Finance questioned tooling cost.,Proceed 8% reduction,0.89
MARS-2025-36,Q2-2025,Finance,Adjust Share Repurchase Timing,Capital Timing,$100B authorization,Time buybacks around volatility windows.,Steady; Tactical; Pause,Tactical,Maximizes EPS impact.,Buyback_Authorization:$100B,Low,Legal,+0.4%,0.92,EPS Accretion->Shareholder Value,Success,Tactical window executed.,buyback;timing,0.99,0.45,0.6,0.82,Ops prefer liquidity buffer.,Approve tactical approach,0.95
MARS-2025-37,Q2-2025,R&D,Improve Services Fraud Detection,Security Enhancement,Services growth increases fraud risk,Enhance ML fraud filters.,Maintain; Minor; Major,Major,Protects high-margin revenue.,Services_GM:75.7%,Medium,Finance;Legal,+0.2%,0.84,Fraud Reduction->Margin Protection,Pending,New model training.,fraud;services;ml,0.88,0.97,0.75,0.85,Legal ensured due process safeguards.,Deploy staged upgrade,0.9
MARS-2025-38,Q2-2025,Legal,Review US Antitrust Monitoring Framework,Regulatory Preparedness,Services scale increasing scrutiny,Establish quarterly antitrust risk review.,Annual; Quarterly; Monthly,Quarterly,Improves governance amid growth.,Services:+12%,Medium,Finance;Operations,0.0%,0.85,Governance->Risk Mitigation,Success,Framework adopted.,antitrust;governance,0.9,0.55,0.65,0.99,Finance saw minimal downside.,Adopt quarterly cadence,0.94
MARS-2025-39,Q2-2025,Legal,Review US Antitrust Monitoring Framework,Regulatory Preparedness,Services scale increasing scrutiny,Establish quarterly antitrust risk review process.,Annual; Quarterly; Monthly,Quarterly,Strengthens governance amid Services growth.,Services:+12%,Medium,Finance;Operations,0.0%,0.85,Governance -> Risk Mitigation,Success,Quarterly framework adopted.,antitrust;governance,0.9,0.55,0.65,0.99,Finance saw minimal downside.,Adopt quarterly cadence,0.94
MARS-2025-40,Q2-2025,Operations,Optimize iPhone Channel Inventory Allocation,Inventory Optimization,China demand softness -2%,Shift inventory from lower-demand China channels to SE Asia.,Maintain; Reallocate 5%; Reallocate 15%,Reallocate 5%,Protects sell-through without discounting.,China:-2%; iPhone:+2%,Medium,Finance,+0.3%,0.81,Inventory Rebalancing -> Revenue Protection,Pending,Reallocation in progress.,iphone;inventory;china,0.88,0.6,0.95,0.7,Finance cautious on logistics cost.,Approve moderate shift,0.87
MARS-2025-41,Q2-2025,Finance,Adjust Services Revenue Recognition Controls,Financial Governance,Rapid subscription growth,Enhance audit checks for subscription deferrals.,Maintain; Add controls; External audit,Add controls,Protects against misstatement risk.,Services:+12%; GM:75.7%,Low,Legal,0.0%,0.9,Financial Accuracy -> Investor Confidence,Success,Internal controls enhanced.,services;accounting;controls,0.98,0.5,0.6,0.88,Minimal disagreement.,Approve internal control update,0.95
MARS-2025-42,Q2-2025,R&D,Enhance iPad Multitasking Performance,Product Optimization,iPad +15% growth,Improve multitasking memory allocation via firmware.,Ignore; Patch; Hardware upgrade,Patch,Improves user experience without BOM impact.,iPad:+15%,Medium,Operations;Finance,+0.2%,0.79,Performance -> Satisfaction -> Repeat Sales,Success,Firmware rolled out.,ipad;performance;software,0.75,0.97,0.8,0.65,Finance avoided hardware redesign.,Deploy firmware patch,0.88
MARS-2025-43,Q2-2025,Operations,Consolidate EU Distribution Centers,Logistics Optimization,Freight costs rising,Merge two EU hubs to reduce overhead.,Maintain; Consolidate 2; Consolidate 4,Consolidate 2,Reduces fixed logistics cost while preserving service level.,Freight:+6%; GM:47.1%,Medium,Finance;Legal,+0.3%,0.83,Cost Reduction -> Margin Stability,Pending,Feasibility study initiated.,eu;logistics;cost,0.91,0.55,0.94,0.72,Legal reviewing labor impact.,Proceed phased consolidation,0.89
MARS-2025-44,Q2-2025,Finance,Increase R&D Budget for Services AI,Strategic Investment,Engagement plateau in mature markets,Reallocate 3% budget toward AI personalization.,Maintain; +3%; +6%,+3%,Supports long-term Services expansion.,Services:+12%; Engagement:+4%,Medium,R&D;Operations,+0.4%,0.84,AI Enhancement -> Retention -> Revenue,Pending,Budget shift approved.,ai;services;investment,0.94,0.96,0.7,0.75,Ops worried about capex squeeze.,Approve incremental increase,0.9
MARS-2025-45,Q2-2025,Legal,Assess Tariff Exemption Filings,Trade Strategy,New import tariffs expanding,Prepare exemption applications for key components.,No action; File limited; File broad,File limited,Targets highest-cost items first.,Tariff_Risk:High,High,Finance;Operations,+0.1%,0.78,Cost Relief -> Margin Protection,Pending,Applications prepared.,tariff;trade;exemption,0.87,0.6,0.75,0.97,Finance unsure of approval odds.,Proceed selective filings,0.91
MARS-2025-46,Q2-2025,R&D,Improve Mac Battery Efficiency,Product Enhancement,Mac +7% sales,Optimize power management firmware.,Ignore; Patch; Redesign,Patch,Extends battery life without redesign cost.,Mac:+7%; Efficiency:+5%,Medium,Operations;Finance,+0.1%,0.76,Battery Life -> Customer Loyalty,Success,Firmware update released.,mac;battery;firmware,0.72,0.97,0.82,0.68,Finance avoided hardware retooling.,Deploy OTA update,0.87
MARS-2025-47,Q2-2025,Operations,Increase Services Data Backup Redundancy,Risk Mitigation,Higher subscription base,Add cross-region backup replication.,Maintain; Add 1 region; Add 3 regions,Add 1 region,Improves resilience with minimal capex spike.,Services:+12%,Medium,Finance;R&D,-0.1%,0.82,Reliability -> Retention,Pending,Backup nodes configured.,services;backup;resilience,0.88,0.85,0.93,0.75,Finance cautious on ROI.,Approve single-region redundancy,0.89
MARS-2025-48,Q2-2025,Finance,Optimize Cash Allocation Between Buyback and Capex,Capital Allocation,$100B buyback authorization,Model optimal balance amid tariff uncertainty.,Aggressive buyback; Balanced; Capex focus,Balanced,Maintains liquidity and EPS growth.,Buyback:$100B; OCF_6M:$53.9B,Low,Operations;Legal,+0.3%,0.92,EPS Growth -> Strategic Flexibility,Success,Balanced pacing adopted.,capital;buyback;cash,0.99,0.45,0.6,0.82,Ops wanted infra prioritization.,Approve balanced pacing,0.95
MARS-2025-49,Q2-2025,R&D,Reduce Wearables Sensor Calibration Variance,Quality Control,Wearables -5% revenue,Tighten calibration tolerance at factory.,Ignore; Minor adjust; Full recalibration,Minor adjust,Improves reliability without throughput loss.,Wearables:-5%,Medium,Operations;Finance,+0.1%,0.74,Quality -> Lower Returns,Pending,Tolerance updated.,wearables;quality;calibration,0.7,0.98,0.85,0.65,Finance limited deeper overhaul.,Implement minor adjustment,0.86
MARS-2025-50,Q2-2025,Legal,Revise Global Arbitration Clauses,Contract Governance,Subscription growth increases disputes,Standardize arbitration clauses globally.,Maintain; Update key regions; Global update,Global update,Reduces fragmented legal exposure.,Services:+12%,Medium,Finance;Operations,-0.1%,0.84,Legal Clarity -> Risk Mitigation,Success,Contract template updated.,legal;contracts;arbitration,0.85,0.55,0.7,0.99,Finance monitored potential churn effect.,Approve global standardization,0.93
MARS-2025-51,Q2-2025,Operations,Expand Dual-Sourcing for Mac Components,Supply Diversification,Tariff and supply volatility,Add second supplier for logic boards.,Single source; Dual; Stockpile,Dual,Enhances resilience with manageable cost increase.,Tariff_Risk:High; Mac:+7%,High,Finance;R&D,-0.1%,0.79,Supply Stability -> Revenue Protection,Pending,Second supplier qualification underway.,mac;supply;dual_source,0.86,0.7,0.95,0.8,Finance flagged cost increase.,Approve controlled diversification,0.89
MARS-2025-52,Q2-2025,Finance,Reevaluate Services Bundle Discount Levels,Revenue Optimization,Strong subscription momentum,Review Apple One discount structure.,Maintain; Reduce 2%; Reduce 5%,Reduce 2%,Improves ARPU without major churn risk.,Services:+12%; GM:75.7%,Low,Operations;Legal,+0.3%,0.87,Higher ARPU -> Margin Expansion,Pending,Elasticity modeling ongoing.,services;pricing;bundle,0.96,0.6,0.7,0.75,Legal reviewed pricing compliance.,Proceed modest adjustment,0.91
MARS-2025-53,Q2-2025,Operations,Optimize Air Freight Mix for iPad Launch,Logistics Efficiency,iPad demand +15%,Adjust freight mix between air and sea shipping.,Maintain; Increase sea; Increase air,Increase sea,Protects margin with manageable delivery timelines.,iPad:+15%; Freight:+6%,Medium,Finance,+0.2%,0.82,Lower Freight Cost -> Margin Support,Success,Freight cost reduced 4%.,ipad;freight;logistics,0.9,0.55,0.94,0.7,Finance supported cost savings.,Adopt optimized freight mix,0.89
MARS-2025-54,Q2-2025,R&D,Improve iPhone Camera Low-Light Processing,Feature Enhancement,Competitive pressure in premium segment,Enhance computational photography algorithms.,Ignore; Patch; New hardware,Patch,Enhances differentiation without BOM increase.,iPhone:+2%; Engagement:+3%,Medium,Finance;Operations,+0.2%,0.78,Feature Improvement -> Sales Stability,Pending,Algorithm upgrade in testing.,iphone;camera;ai,0.72,0.98,0.75,0.68,Finance avoided hardware redesign.,Deploy software enhancement,0.87
MARS-2025-55,Q2-2025,Legal,Review Subscription Cancellation Transparency,Compliance Update,EU consumer scrutiny,Clarify cancellation flow language globally.,Maintain; Minor edit; Full rewrite,Minor edit,Mitigates regulatory fines risk.,EU_Risk:Moderate; Services:+12%,Low,Finance;R&D,-0.1%,0.84,Compliance -> Fine Avoidance,Success,Updated UX live.,subscription;eu;compliance,0.85,0.6,0.65,0.99,Finance worried about churn effect.,Approve clarity updates,0.92
MARS-2025-56,Q2-2025,Operations,Increase iPhone Assembly Yield via Process Tuning,Manufacturing Optimization,Yield variability in select plants,Tune assembly process to increase yield by 1%.,Maintain; Minor tune; Major overhaul,Minor tune,Improves margin without capex spike.,iPhone:+2%; Yield:+1%,Medium,Finance;R&D,+0.2%,0.8,Yield Gain -> Cost Savings -> Margin Stability,Pending,Process tuning underway.,iphone;yield;manufacturing,0.88,0.85,0.95,0.7,Finance questioned ROI speed.,Approve incremental tuning,0.89
MARS-2025-57,Q2-2025,Finance,Adjust FX Hedging Duration,Financial Risk Management,Ongoing currency volatility,Extend average hedge maturity by 3 months.,Maintain; +3mo; +6mo,+3mo,Improves earnings predictability.,FX_Volatility:High; Revenue:+5%,Medium,Legal,+0.1%,0.9,Hedging -> EPS Stability,Success,Hedge duration extended.,fx;hedge;currency,0.98,0.45,0.6,0.82,Ops neutral.,Approve moderate extension,0.94
MARS-2025-58,Q2-2025,R&D,Enhance Mac Graphics Driver Stability,Quality Assurance,Mac +7% growth,Patch graphics drivers to reduce crash frequency.,Ignore; Patch; Recall,Patch,Improves reliability with minimal cost.,Mac:+7%; Crash_Rate:-0.4%,Medium,Operations;Finance,+0.1%,0.77,Stability -> Customer Trust,Success,Driver update deployed.,mac;drivers;stability,0.72,0.97,0.8,0.68,Finance avoided recall cost.,Release patch,0.87
MARS-2025-59,Q2-2025,Legal,Assess Global Consumer Protection Claims,Regulatory Monitoring,Services scale increasing disputes,Review exposure in top 10 markets.,Maintain; Audit 5; Audit 10,Audit 10,Prevents class-action escalation.,Services:+12%,Medium,Finance;Operations,-0.1%,0.83,Legal Risk Mitigation,Pending,External counsel engaged.,consumer;legal;risk,0.88,0.55,0.7,0.98,Finance cautious on litigation reserves.,Approve expanded audit,0.92
MARS-2025-60,Q2-2025,Operations,Implement Predictive Maintenance in Assembly Lines,Operational Efficiency,Tariff shift increasing new facility usage,Deploy predictive maintenance sensors.,Manual; Hybrid; Full automation,Hybrid,Reduces downtime while limiting upfront cost.,Tariff_Shift:+10%; Downtime:-6%,Medium,Finance;R&D,+0.2%,0.82,Efficiency -> Throughput -> Revenue,Pending,Sensors installed in 2 plants.,assembly;maintenance;automation,0.9,0.92,0.95,0.7,Finance monitored ROI closely.,Proceed phased rollout,0.91
MARS-2025-61,Q2-2025,Finance,Reassess Long-Term Capital Allocation Targets,Strategic Planning,Revenue +5% and EPS +8%,Review 3-year capital allocation mix.,Maintain; Adjust; Increase buyback,Adjust,Balances growth investment and shareholder returns.,Revenue:+5%; EPS:+8%,Low,Operations;Legal,+0.3%,0.93,Strategic Balance -> Long-Term Value,Success,Targets revised.,capital;strategy;finance,0.99,0.5,0.6,0.85,Ops advocated higher reinvestment.,Adopt balanced adjustment,0.95
MARS-2025-62,Q2-2025,Operations,Rebalance iPad Regional Allocation,Inventory Optimization,iPad +15% growth uneven by region,Shift 4% inventory from NA to EMEA.,Maintain; Shift 4%; Shift 10%,Shift 4%,Improves sell-through without markdowns.,iPad:+15%,Medium,Finance,+0.3%,0.82,Allocation->Revenue Capture,Success,Channel fill improved.,ipad;inventory;emea,0.9,0.6,0.95,0.7,Finance cautious on freight cost.,Approve moderate shift,0.89
MARS-2025-63,Q2-2025,Finance,Optimize Services Deferred Revenue Forecasting,Financial Accuracy,Subscription base expanding,Enhance deferred revenue modeling.,Maintain; Improve model; External audit,Improve model,Improves earnings predictability.,Services:+12%; GM:75.7%,Low,Legal,0.0%,0.91,Accuracy->Investor Confidence,Success,Forecast variance reduced.,services;accounting;forecast,0.99,0.5,0.6,0.85,Minimal pushback.,Approve model upgrade,0.95
MARS-2025-64,Q2-2025,R&D,Enhance Apple TV+ Streaming Compression,Cost Efficiency,Streaming traffic rising,Improve codec efficiency to cut bandwidth cost.,Ignore; Optimize; New codec,Optimize,Reduces infra cost while maintaining quality.,Services_GM:75.7%,Medium,Operations;Finance,+0.2%,0.8,Cost Reduction->Margin Support,Pending,A/B tests ongoing.,streaming;compression;services,0.88,0.97,0.8,0.72,Finance supportive.,Proceed optimization,0.9
MARS-2025-65,Q2-2025,Legal,Update Global Refund Policy Language,Compliance Update,Subscription disputes increasing,Standardize refund policy wording globally.,Maintain; Regional edits; Global update,Global update,Reduces legal exposure across markets.,Services:+12%,Medium,Finance;Operations,-0.1%,0.84,Compliance->Risk Mitigation,Success,Policy harmonized.,refund;legal;policy,0.86,0.55,0.65,0.99,Finance monitored churn risk.,Approve global update,0.92
MARS-2025-66,Q2-2025,Operations,Reduce Mac Component Lead Time,Supplier Optimization,Mac +7% growth,Negotiate shorter supplier lead times.,Maintain; -5%; -10%,-5%,Improves responsiveness without cost spike.,Mac:+7%,Medium,Finance,+0.2%,0.83,Agility->Revenue Stability,Pending,Supplier talks underway.,mac;supplier;leadtime,0.91,0.6,0.94,0.7,Finance cautious on premium pricing.,Proceed incremental reduction,0.89
MARS-2025-67,Q2-2025,Finance,Review SG&A Headcount Growth,Opex Discipline,SG&A +4% YoY,Pause non-critical hiring.,Maintain; Pause 3mo; Freeze,Pause 3mo,Protects margin amid tariff risk.,SG&A:+4%; GM:47.1%,Low,Operations;R&D,+0.3%,0.88,Cost Control->EPS Lift,Success,Hiring slowed temporarily.,opex;headcount,0.97,0.6,0.75,0.8,R&D requested exceptions.,Approve targeted pause,0.92
MARS-2025-68,Q2-2025,R&D,Improve iPhone Battery Health Analytics,Product Enhancement,Customer battery inquiries rising,Enhance on-device health diagnostics.,Ignore; Patch; Hardware change,Patch,Improves transparency and trust.,iPhone:+2%,Medium,Operations;Finance,+0.1%,0.78,Trust->Retention,Success,Update released.,iphone;battery;analytics,0.75,0.98,0.8,0.68,Finance avoided hardware cost.,Deploy analytics update,0.88
MARS-2025-69,Q2-2025,Legal,Audit Cross-Border Data Transfers,Privacy Governance,India & EU scrutiny,Conduct compliance audit on transfers.,None; Partial; Full,Full,Mitigates regulatory penalties.,EU_Risk:Moderate,Medium,Finance;Operations,-0.1%,0.85,Compliance->Fine Avoidance,Pending,Audit in progress.,privacy;data;eu,0.88,0.55,0.7,0.99,Finance noted audit expense.,Approve full audit,0.93
MARS-2025-70,Q2-2025,Operations,Implement AI Demand Forecasting for Wearables,Process Innovation,Wearables -5%,Deploy ML forecasting to reduce overstock.,Manual; Hybrid; Full AI,Hybrid,Improves inventory turns without full overhaul.,Wearables:-5%,Medium,Finance;R&D,+0.2%,0.79,Forecast Accuracy->Lower Write-offs,Pending,Pilot active.,wearables;forecast;ai,0.9,0.95,0.94,0.7,Finance monitoring ROI.,Proceed hybrid model,0.91
MARS-2025-71,Q2-2025,Finance,Increase Treasury Yield Optimization,Investment Strategy,Cash $28.1B,Shift 3% to higher-yield short-term instruments.,Maintain; +3%; +8%,+3%,Enhances yield with limited risk.,Cash:$28.1B,Low,Legal,+0.1%,0.9,Yield->Net Income,Success,Portfolio adjusted.,treasury;cash;yield,0.99,0.5,0.6,0.85,Legal reviewed compliance.,Approve shift,0.95
MARS-2025-72,Q2-2025,R&D,Optimize Siri Response Latency,Performance Improvement,User latency complaints,Improve on-device caching for faster replies.,Ignore; Patch; Hardware boost,Patch,Enhances UX without cost spike.,Latency:-120ms,Medium,Operations;Finance,+0.2%,0.81,UX->Engagement->Revenue,Success,Update deployed.,siri;latency;ai,0.78,0.98,0.85,0.7,Finance supportive.,Deploy improvement,0.89
MARS-2025-73,Q2-2025,Legal,Review Advertising Transparency Standards,Compliance Review,Services ads revenue growing,Enhance ad transparency disclosures.,Maintain; Minor; Major,Minor,Prevents regulatory scrutiny escalation.,Services:+12%,Low,Finance;R&D,-0.1%,0.83,Compliance->Stability,Success,Disclosure updated.,ads;compliance;legal,0.85,0.55,0.65,0.99,Minimal resistance.,Approve minor update,0.92
MARS-2025-74,Q2-2025,Operations,Expand Vietnam Component Warehousing,Capacity Scaling,Tariff diversification,Increase warehouse capacity 8%.,Maintain; +8%; +20%,+8%,Supports supply resilience without excess cost.,Tariff_Risk:High,Medium,Finance,+0.2%,0.8,Resilience->Continuity,Pending,Expansion initiated.,vietnam;warehouse;supply,0.9,0.6,0.95,0.75,Finance monitored capex.,Proceed moderate expansion,0.9
MARS-2025-75,Q2-2025,Finance,Assess Dividend Coverage Sensitivity,Capital Risk Review,Dividend $0.26,Stress-test payout under downturn scenario.,None; Moderate; Severe,Moderate,Ensures sustainability under macro risk.,Dividend:$0.26; OCF:Strong,Low,Legal,0.0%,0.92,Dividend Stability->Investor Confidence,Success,Stress test completed.,dividend;stress;finance,0.99,0.5,0.6,0.85,No major objections.,Maintain payout plan,0.96
MARS-2025-76,Q2-2025,R&D,Enhance FaceID Recognition Speed,Product Optimization,Competitive pressure,Improve algorithm efficiency.,Ignore; Patch; Redesign,Patch,Boosts UX without hardware cost.,Recognition:+7%,Medium,Operations;Finance,+0.2%,0.8,UX->Upgrade Incentive,Success,Update shipped.,faceid;ai;iphone,0.76,0.98,0.8,0.7,Finance avoided redesign cost.,Deploy patch,0.89
MARS-2025-77,Q2-2025,Legal,Review Supplier Contract Force Majeure Clauses,Contract Governance,Tariff & geopolitical volatility,Update force majeure definitions.,Maintain; Update; Renegotiate,Update,Reduces dispute ambiguity.,Tariff_Risk:High,Medium,Finance;Operations,-0.1%,0.86,Legal Clarity->Risk Mitigation,Pending,Contracts revised.,contracts;legal;supplier,0.88,0.55,0.75,0.99,Finance cautious on supplier reaction.,Approve clause update,0.93
MARS-2025-78,Q2-2025,Operations,Optimize Returns Refurbishment Cycle,Process Efficiency,Device returns steady,Reduce refurbishment cycle time by 6%.,Maintain; -6%; -12%,-6%,Improves resale margin.,Refurb_Margin:+3%,Medium,Finance;R&D,+0.2%,0.81,Faster Refurb->Margin Lift,Pending,Process redesign underway.,refurbishment;returns;ops,0.91,0.85,0.94,0.7,Finance tracking margin impact.,Proceed optimization,0.9
MARS-2025-79,Q2-2025,Finance,Enhance Shareholder Communication on AI Strategy,Investor Relations,R&D spend increasing,Publish expanded AI strategy update.,None; Brief; Expanded,Expanded,Supports valuation premium.,EPS:+8%; Services:+12%,Low,R&D;Legal,+0.3%,0.9,Transparency->Investor Confidence,Success,Letter released.,ai;investor;finance,0.98,0.85,0.6,0.88,Legal vetted messaging.,Approve expanded update,0.95
MARS-2025-80,Q2-2025,R&D,Improve Health Data Sync Reliability,Product Stability,Wearables -5%,Enhance sync robustness across devices.,Ignore; Patch; Hardware,Patch,Improves ecosystem stickiness.,Wearables:-5%,Medium,Operations;Finance,+0.1%,0.77,Reliability->Retention,Success,Sync stability improved.,health;wearables;sync,0.72,0.97,0.8,0.68,Finance avoided hardware revamp.,Deploy patch,0.88
MARS-2025-81,Q2-2025,Legal,Standardize Global Terms of Service Updates,Compliance Governance,Subscription growth,Align TOS updates across regions.,Maintain; Regional; Global,Global,Reduces fragmentation risk.,Services:+12%,Medium,Finance;Operations,-0.1%,0.85,Compliance->Operational Clarity,Pending,TOS harmonization drafted.,tos;legal;compliance,0.86,0.55,0.7,0.99,Finance wary of localization cost.,Approve global standard,0.92
MARS-2025-82,Q2-2025,Operations,Enhance Chip Yield Analytics Dashboard,Operational Analytics,Yield variance across plants,Deploy real-time analytics dashboard.,Manual; Dashboard; Full AI,Dashboard,Improves visibility without full overhaul.,Yield:+1%,Medium,Finance;R&D,+0.2%,0.82,Visibility->Cost Reduction,Pending,Dashboard rollout begun.,yield;analytics;ops,0.92,0.9,0.95,0.7,Finance monitoring ROI.,Proceed phased rollout,0.91
MARS-2025-83,Q2-2025,Finance,Reassess Long-Term FX Exposure Mix,Risk Optimization,Multi-region revenue,Diversify hedge instruments mix.,Maintain; Adjust mix; Expand coverage,Adjust mix,Improves balance sheet resilience.,FX_Volatility:High,Medium,Legal,+0.1%,0.89,Risk Diversification->EPS Stability,Success,Hedge mix diversified.,fx;hedge;finance,0.99,0.5,0.6,0.85,Minimal resistance.,Approve adjustment,0.95
MARS-2025-84,Q2-2025,R&D,Optimize AirPods Audio Codec Efficiency,Product Enhancement,Wearables -5%,Improve codec to reduce battery drain.,Ignore; Patch; Hardware,Patch,Enhances usability without redesign.,Battery:+6%,Medium,Operations;Finance,+0.1%,0.78,UX->Device Sales,Success,Firmware update released.,airpods;codec;firmware,0.75,0.98,0.8,0.7,Finance avoided hardware cost.,Deploy patch,0.89
MARS-2025-85,Q2-2025,Legal,Assess Regional Advertising Data Policies,Regulatory Compliance,Ad business growing,Review data usage disclosures.,Maintain; Update 3; Update all,Update all,Prevents cross-border violations.,Ads:+8%,Medium,Finance;R&D,-0.1%,0.86,Compliance->Risk Mitigation,Pending,Policies revised.,ads;data;legal,0.88,0.55,0.7,0.99,Finance assessed revenue impact.,Approve global revision,0.93
MARS-2025-86,Q2-2025,Operations,Reduce Mac Packaging Volume,Sustainability Cost Control,Freight cost +6%,Redesign packaging to reduce volume 5%.,Maintain; -5%; -10%,-5%,Lowers shipping cost and emissions.,Freight:+6%,Medium,Finance;R&D,+0.2%,0.83,Cost Savings->Margin Stability,Pending,Prototype testing ongoing.,mac;packaging;sustainability,0.92,0.88,0.95,0.75,Finance evaluated tooling cost.,Approve 5% reduction,0.91
MARS-2025-87,Q2-2025,Finance,Enhance Buyback Transparency Reporting,Investor Governance,$100B authorization,Provide quarterly detailed buyback disclosure.,Basic; Enhanced; Real-time,Enhanced,Supports investor trust.,Buyback:$100B,Low,Legal,0.0%,0.93,Transparency->Investor Confidence,Success,Disclosure expanded.,buyback;reporting;finance,0.99,0.5,0.6,0.9,Legal approved language.,Adopt enhanced reporting,0.96
MARS-2025-88,Q2-2025,R&D,Improve iCloud Sync Conflict Resolution,Product Reliability,User sync conflicts rising,Refine conflict detection algorithms.,Ignore; Patch; Architecture redesign,Patch,Improves reliability without infra rebuild.,Services:+12%,Medium,Operations;Finance,+0.2%,0.81,Reliability->Retention,Success,Sync reliability improved.,icloud;sync;reliability,0.78,0.98,0.85,0.7,Finance supported low-cost fix.,Deploy patch,0.9
MARS-2025-89,Q2-2025,Legal,Prepare Contingency for Expanded Trade Sanctions,Risk Planning,Geopolitical uncertainty,Draft response plan for new sanctions.,None; Draft; Implement,Draft,Prepares organization without escalation.,Tariff_Risk:High,High,Finance;Operations,-0.1%,0.84,Preparedness->Risk Mitigation,Pending,Contingency framework documented.,trade;sanctions;legal,0.88,0.55,0.7,0.99,Finance favored operational hedge only.,Approve contingency draft,0.93
MARS-2025-90,Q2-2025,Operations,Increase Automated QA Sampling Rate,Quality Assurance,Mac & iPad growth,Raise sampling by 2% during peak demand.,Maintain; +2%; +5%,+2%,Prevents defect surge without throughput loss.,Mac:+7%; iPad:+15%,Medium,Finance;R&D,-0.1%,0.79,Quality->Lower Warranty Cost,Pending,Sampling increased.,qa;manufacturing;quality,0.85,0.9,0.95,0.7,Finance cautious on throughput impact.,Approve moderate increase,0.89
MARS-2025-91,Q2-2025,Finance,Reevaluate Services Long-Term Margin Target,Strategic Planning,Services GM 75.7%,Assess sustainable margin target range.,Maintain; Raise target; Lower target,Maintain,Preserves strategic flexibility amid growth.,Services_GM:75.7%,Low,Operations;Legal,0.0%,0.94,Margin Stability->Investor Confidence,Success,Target reaffirmed.,services;margin;strategy,0.99,0.6,0.65,0.85,Ops focused on growth over margin expansion.,Maintain target guidance,0.96
MARS-2025-92,Q2-2025,Operations,Increase Services Disaster Recovery Testing Frequency,Resilience Enhancement,Growing subscription base,Move DR testing from semi-annual to quarterly.,Semi-annual; Quarterly; Monthly,Quarterly,Improves reliability amid 12% Services growth.,Services:+12%,Medium,Finance;R&D,-0.1%,0.84,Resilience->Retention,Success,Quarterly DR tests implemented.,services;resilience;dr,0.88,0.85,0.95,0.75,Finance questioned cost impact.,Approve quarterly cadence,0.91
MARS-2025-93,Q2-2025,Finance,Adjust Product Gross Margin Sensitivity Models,Financial Planning,Tariff volatility impacting COGS,Refine GM sensitivity assumptions.,Maintain; Update model; External review,Update model,Improves planning accuracy amid cost shifts.,GM:47.1%; Tariff_Risk:High,Low,Operations,0.0%,0.92,Forecast Accuracy->Strategic Stability,Success,Models recalibrated.,margin;forecast;finance,0.99,0.5,0.6,0.85,Ops aligned on assumptions.,Approve recalibration,0.96
MARS-2025-94,Q2-2025,R&D,Enhance Apple Music Recommendation Engine,Product Innovation,Services engagement plateau,Upgrade personalization algorithms.,Ignore; Incremental; Full retrain,Full retrain,Drives retention in high-margin segment.,Services_GM:75.7%; Engagement:+4%,Medium,Finance;Operations,+0.3%,0.83,Engagement->Subscription Growth,Pending,Model retraining underway.,music;ai;services,0.85,0.98,0.8,0.72,Finance monitored ROI assumptions.,Proceed with retrain,0.9
MARS-2025-95,Q2-2025,Legal,Review Global Consumer Warranty Terms,Compliance Governance,Device growth across regions,Standardize warranty language updates.,Maintain; Regional; Global,Global,Reduces inconsistency risk.,Mac:+7%; iPad:+15%,Medium,Finance;Operations,-0.1%,0.86,Compliance->Risk Mitigation,Pending,Template revision drafted.,warranty;legal;global,0.88,0.55,0.7,0.99,Finance assessed reserve exposure.,Approve global standardization,0.93
MARS-2025-96,Q2-2025,Operations,Expand Automated Picking in NA Warehouses,Process Automation,Online device sales steady,Increase robotic picking coverage by 10%.,Maintain; +10%; +25%,+10%,Improves efficiency without major capital outlay.,Online_Sales:+6%,Medium,Finance;R&D,+0.2%,0.82,Efficiency->Cost Reduction,Pending,Robotic pilots installed.,warehouse;automation;na,0.92,0.9,0.96,0.7,Finance monitored capex pacing.,Approve phased automation,0.92
MARS-2025-97,Q2-2025,Finance,Stress-Test Services Revenue Under FX Shock,Risk Assessment,Currency volatility persists,Model 5% adverse FX scenario.,None; 3%; 5%,5%,Ensures earnings resilience.,FX_Volatility:High,Low,Legal,0.0%,0.91,Risk Visibility->EPS Stability,Success,Stress-test completed.,fx;stress;services,0.99,0.5,0.6,0.85,Minimal pushback.,Maintain hedging plan,0.96
MARS-2025-98,Q2-2025,R&D,Improve iOS Update Installation Reliability,Product Stability,Support tickets rising post updates,Optimize OTA installation sequence.,Ignore; Patch; Redesign,Patch,Reduces support load without redesign.,Support_Tickets:+5%,Medium,Operations;Finance,+0.1%,0.8,Reliability->Customer Satisfaction,Success,Patch deployed.,ios;update;reliability,0.78,0.98,0.85,0.7,Finance supported low-cost solution.,Deploy OTA improvement,0.9
MARS-2025-99,Q2-2025,Legal,Audit Advertising Claims for AI Features,Regulatory Compliance,Expanded AI marketing,Verify substantiation of performance claims.,None; Sample; Full,Full,Prevents false advertising penalties.,AI_Features:+Expanded,Medium,Finance;R&D,-0.1%,0.88,Compliance->Brand Protection,Pending,Audit ongoing.,ai;advertising;legal,0.9,0.6,0.7,0.99,R&D ensured claim validation.,Approve full audit,0.94
MARS-2025-100,Q2-2025,Operations,Increase Spare Parts Stock for Mac Repairs,After-Sales Optimization,Mac +7% growth,Raise spare parts stock by 5%.,Maintain; +5%; +15%,+5%,Improves service turnaround.,Mac:+7%,Medium,Finance,+0.2%,0.81,Faster Repair->Customer Loyalty,Pending,Parts ordered.,mac;repair;inventory,0.9,0.6,0.94,0.72,Finance tracked working capital.,Approve moderate increase,0.89
MARS-2025-101,Q2-2025,Finance,Review Long-Term Services Growth Assumptions,Strategic Forecasting,Services +12%,Reevaluate 5-year CAGR forecast.,Maintain; Raise; Lower,Maintain,Avoids overextension amid volatility.,Services:+12%,Low,Operations;Legal,0.0%,0.93,Stable Guidance->Investor Confidence,Success,Forecast reaffirmed.,services;forecast;strategy,0.99,0.6,0.65,0.85,Ops favored cautious optimism.,Maintain growth outlook,0.96
MARS-2025-102,Q2-2025,R&D,Optimize AirPods Connectivity Stability,Product Reliability,Wearables -5%,Improve Bluetooth reconnection speed.,Ignore; Patch; Hardware,Patch,Enhances usability without redesign cost.,Reconnect_Time:-12%,Medium,Operations;Finance,+0.1%,0.79,UX->Device Retention,Success,Firmware update live.,airpods;connectivity;firmware,0.75,0.98,0.8,0.7,Finance avoided hardware changes.,Deploy firmware patch,0.89
MARS-2025-103,Q2-2025,Legal,Update Global Privacy Notice for AI Data Usage,Compliance Update,Expanded AI personalization,Clarify AI data processing disclosures.,Maintain; Minor edit; Expanded,Expanded,Mitigates privacy scrutiny.,AI_Features:+Expanded,Medium,Finance;R&D,-0.1%,0.87,Compliance->Brand Trust,Success,Privacy notice updated.,privacy;ai;legal,0.9,0.6,0.7,0.99,Finance assessed churn risk.,Approve expanded notice,0.94
MARS-2025-104,Q2-2025,Operations,Reduce Assembly Energy Consumption,Sustainability Optimization,Carbon reduction commitment,Cut plant energy usage by 4%.,Maintain; -4%; -10%,-4%,Reduces cost and improves ESG metrics.,Energy:-4%; Opex:-1%,Medium,Finance;R&D,+0.2%,0.84,Energy Savings->Margin Support,Pending,Efficiency upgrades installed.,sustainability;energy;ops,0.92,0.85,0.96,0.75,Finance reviewed capex ROI.,Approve efficiency plan,0.92
MARS-2025-105,Q2-2025,Finance,Optimize Services Marketing Allocation by Region,ROI Optimization,Regional performance divergence,Shift spend toward high-conversion markets.,Maintain; Shift 5%; Shift 15%,Shift 5%,Improves ROI without overspend.,Marketing:+8%; Services:+12%,Medium,Operations,+0.3%,0.88,ROI Improvement->Margin Expansion,Success,Budget reallocated.,marketing;services;roi,0.97,0.55,0.7,0.8,Ops supported data-driven shift.,Approve 5% reallocation,0.93
MARS-2025-106,Q2-2025,R&D,Enhance HomePod Voice Recognition Accuracy,Product Improvement,Competitive smart speaker market,Retrain voice model on new dataset.,Ignore; Incremental; Full retrain,Incremental,Improves performance without major cost.,Accuracy:+4%,Medium,Finance;Operations,+0.1%,0.78,UX->Ecosystem Stickiness,Pending,Model update in testing.,homepod;ai;voice,0.75,0.98,0.8,0.7,Finance cautious on ROI.,Proceed incremental update,0.89
MARS-2025-107,Q2-2025,Legal,Prepare EU AI Compliance Documentation,Regulatory Readiness,EU AI Act enforcement approaching,Compile required compliance documentation.,None; Basic; Comprehensive,Comprehensive,Prevents penalties and market disruption.,EU_AI_Risk:High,High,Finance;R&D,-0.1%,0.9,Compliance->Market Continuity,Pending,Documentation underway.,eu;ai;compliance,0.92,0.6,0.7,0.99,Finance assessed documentation cost.,Approve comprehensive preparation,0.95
MARS-2025-108,Q2-2025,Operations,Improve Refurbished Device Margin Mix,Revenue Optimization,Refurb segment growing,Adjust grading mix to prioritize premium units.,Maintain; Shift mix; Expand segment,Shift mix,Improves average resale margin.,Refurb_Margin:+3%,Medium,Finance,+0.2%,0.83,Margin Lift->Revenue Stability,Success,Premium mix increased.,refurb;margin;ops,0.94,0.6,0.95,0.72,Finance aligned on margin gain.,Approve mix adjustment,0.92
MARS-2025-109,Q2-2025,Finance,Reconfirm Capital Return Guidance,Investor Strategy,Buyback + dividend executed,Reaffirm capital return guidance for FY25.,Maintain; Increase; Reduce,Maintain,Signals stability amid volatility.,Buyback:$100B; Dividend:$0.26,Low,Legal;Operations,0.0%,0.95,Investor Confidence->Valuation Support,Success,Guidance reaffirmed publicly.,capital_return;guidance;finance,0.99,0.5,0.6,0.88,Ops focused on reinvestment balance.,Maintain guidance,0.97
MARS-2025-110,Q2-2025,Operations,Optimize Services Data Routing Latency,Infrastructure Optimization,Services usage growth increasing peak load,Reconfigure regional routing to reduce latency during subscription spikes.,Maintain routing; Optimize software; Add hardware,Optimize software,Software-level optimization improves UX without capex spike.,Services:+12%; Latency:+35ms,Medium,Finance;R&D,+0.2%,0.82,UX Improvement -> Retention -> Services Revenue,Success,Latency reduced by 18%.,services;latency;cloud,0.86,0.9,0.92,0.65,Finance preferred delaying optimization.,Proceed with software optimization,0.88
MARS-2025-111,Q2-2025,Finance,Reallocate Capex Toward High-Margin Services,Capital Reallocation,Services GM significantly higher than Products,Shift 5% of planned hardware capex toward services infra.,Maintain; Shift 5%; Shift 10%,Shift 5%,Aligns capital with 75.7% margin segment.,Services_GM:75.7%; GM_Total:47.1%,Medium,Operations;R&D,+0.4%,0.87,Capex Alignment -> Margin Expansion -> EPS Growth,Pending,Capex plan under revision.,capex;services;margin,0.95,0.6,0.7,0.72,Ops worried about product throughput constraints.,Approve partial reallocation,0.9
MARS-2025-112,Q2-2025,R&D,Accelerate AI-Based App Store Review Automation,Process Innovation,Developer backlog increased amid growth,Deploy ML-based automation to reduce review cycle time.,Manual only; Partial automation; Full automation,Partial automation,Balances speed with compliance safeguards.,Review_Backlog:+22%; Services:+12%,Medium,Legal;Operations,+0.1%,0.79,Faster Reviews -> Developer Growth -> Services Revenue,Pending,Pilot automation launched.,appstore;ai;automation,0.68,0.96,0.72,0.85,Legal cautious on compliance gaps.,Proceed with supervised automation pilot,0.86
MARS-2025-113,Q2-2025,Legal,Review Subscription Auto-Renewal Policies in EU,Compliance Audit,Regulatory scrutiny increasing,Audit auto-renewal disclosures to prevent penalties.,No review; Minor update; Full audit,Full audit,Mitigates regulatory exposure amid Services expansion.,EU_Risk:Moderate; Services:+12%,Low,Finance;R&D,-0.1%,0.84,Compliance -> Fine Avoidance -> Margin Protection,Success,Policies updated across EU.,eu;subscription;compliance,0.8,0.55,0.65,0.98,Finance concerned about churn risk.,Implement full compliance audit,0.92
MARS-2025-114,Q2-2025,Operations,Increase Mac Production Buffer Inventory,Supply Chain Buffer,Mac growth +7%,Increase safety stock to prevent channel shortages.,No change; +5% buffer; +15% buffer,+5% buffer,Supports growth without overstock risk.,Mac:+7%; GM:47.1%,Medium,Finance,+0.3%,0.81,Inventory Stability -> Revenue Capture,Pending,Inventory build phased over 6 weeks.,mac;inventory;buffer,0.88,0.6,0.93,0.68,Finance warned of working capital impact.,Approve moderate buffer,0.87
MARS-2025-115,Q2-2025,Finance,Enhance FX Risk Reporting Frequency,Risk Monitoring,Currency volatility impacting Europe revenue,Increase FX exposure reporting cadence to bi-weekly.,Quarterly; Monthly; Bi-weekly,Bi-weekly,Improves responsiveness to currency swings.,FX_Volatility:+High; Revenue:+5%,Low,Operations;Legal,0.0%,0.85,Risk Visibility -> Faster Hedging Decisions,Success,Reporting cycle shortened.,fx;reporting;finance,0.97,0.5,0.65,0.75,Ops neutral on reporting cadence.,Implement bi-weekly review cadence,0.93
MARS-2025-116,Q2-2025,R&D,Reduce iPhone Manufacturing Defect Rate via ML,Quality Improvement,iPhone growth modest +2%,Deploy ML-based defect detection in assembly line.,Manual QC; ML Assist; Full automation,ML Assist,Improves yield without full system overhaul.,iPhone:+2%; Yield:+1.5%,Medium,Operations;Finance,+0.2%,0.83,Yield Improvement -> Cost Savings -> Margin Stability,Pending,ML inspection pilot live.,iphone;quality;ml,0.75,0.95,0.9,0.65,Finance cautious on ROI timeline.,Proceed with ML-assisted QC,0.88
MARS-2025-117,Q2-2025,Legal,Assess Data Localization Requirements in India,Regulatory Strategy,India production scaling and market growth,Review compliance with local data storage laws.,No action; Partial compliance; Full localization,Partial compliance,Balances compliance with infrastructure cost.,India_Growth:High; Tariff_Shift:+10%,Medium,Finance;Operations,-0.1%,0.78,Compliance -> Market Stability,Pending,Regulatory consultation ongoing.,india;data;compliance,0.82,0.6,0.72,0.96,Finance flagged infra cost impact.,Proceed phased localization,0.89
MARS-2025-118,Q2-2025,Operations,Reduce Logistics Cost Per Unit in EU,Cost Efficiency,Freight inflation affecting margins,Renegotiate EU freight contracts.,Maintain; Renegotiate; Change vendors,Renegotiate,Improves per-unit cost without disruption.,Freight_Cost:+6%; GM:47.1%,Medium,Finance;Legal,+0.2%,0.84,Cost Reduction -> Margin Support,Success,New freight rates secured.,logistics;eu;cost,0.91,0.55,0.95,0.7,Legal reviewed contract clauses.,Approve renegotiated contracts,0.9
MARS-2025-119,Q2-2025,Finance,Optimize Dividend Coverage Ratio,Capital Stability,Dividend increased to $0.26,Model payout ratio sustainability under tariff pressure.,Maintain; Adjust; Hedge via reserves,Maintain,OCF supports payout despite macro risks.,OCF_6M:$53.9B; Dividend:$0.26,Low,Legal,+0.1%,0.92,Dividend Stability -> Investor Confidence,Success,Dividend plan confirmed.,dividend;cashflow,0.99,0.45,0.6,0.8,Minimal resistance.,Maintain dividend level,0.94
MARS-2025-120,Q2-2025,R&D,Improve Services Recommendation Algorithms,Product Enhancement,Services engagement plateauing in some regions,Upgrade recommendation engine using behavioral AI.,No change; Minor tuning; Major update,Major update,Enhances engagement to sustain double-digit growth.,Services:+12%; Engagement:+5%,Medium,Finance;Operations,+0.3%,0.8,Engagement -> Retention -> Revenue,Pending,Algorithm A/B testing active.,services;ai;engagement,0.7,0.97,0.75,0.7,Finance questioned ROI metrics.,Proceed with measured rollout,0.87
MARS-2025-121,Q2-2025,Legal,Update China Data Transfer Agreements,Compliance Review,China revenue softness and regulatory shifts,Review cross-border data agreements.,Maintain; Update contracts; Suspend transfers,Update contracts,Ensures compliance without service disruption.,China:-2%; Regulatory_Risk:Moderate,Medium,Finance;Operations,-0.1%,0.82,Compliance -> Market Continuity,Pending,Legal revisions drafted.,china;data;legal,0.8,0.55,0.65,0.97,Finance worried about added complexity.,Approve contract updates,0.9
MARS-2025-122,Q2-2025,Operations,Enhance iPad Component Dual-Sourcing,Supply Risk Mitigation,iPad demand +15%,Add secondary supplier for display panels.,Single source; Dual source; Stockpile,Dual source,Reduces dependency amid growth.,iPad:+15%,Medium,Finance;R&D,+0.2%,0.83,Supply Stability -> Revenue Protection,Success,Second supplier qualified.,ipad;supply;dual_source,0.85,0.7,0.95,0.75,Finance concerned about slight cost increase.,Adopt dual sourcing model,0.89
MARS-2025-123,Q2-2025,Finance,Reassess Services Marketing ROI,Commercial Efficiency,Services marketing spend increased,Audit campaign ROI by region.,Maintain; Cut low ROI; Expand,Cut low ROI,Focuses capital on high-margin growth.,Services:+12%; Marketing:+8%,Low,Operations,+0.3%,0.88,Efficiency -> Margin Support,Success,Underperforming campaigns trimmed.,services;marketing;roi,0.96,0.55,0.7,0.72,Ops favored aggressive expansion.,Approve selective cuts,0.91
MARS-2025-124,Q2-2025,R&D,Optimize Mac Thermal Performance,Performance Tuning,Mac growth +7%,Tune firmware to improve sustained performance.,No change; Patch; Hardware redesign,Patch,Enhances reliability without redesign cost.,Mac:+7%; Thermal:+3C peak,Medium,Operations;Finance,+0.1%,0.77,Performance -> Satisfaction -> Retention,Success,Firmware update shipped.,mac;thermal;firmware,0.72,0.96,0.8,0.65,Finance avoided hardware cost spike.,Release firmware optimization,0.85
MARS-2025-125,Q2-2025,Legal,Review Global Tax Exposure Strategy,Tax Risk Review,Global revenue growth +5%,Reassess international tax optimization strategy.,Maintain; Adjust structure; Increase reserves,Adjust structure,Reduces exposure amid geopolitical shifts.,Revenue:+5%; Tax_Risk:Moderate,Medium,Finance,-0.1%,0.84,Tax Efficiency -> Margin Stability,Pending,External advisory engaged.,tax;global;legal,0.9,0.5,0.6,0.97,Finance balancing optics.,Proceed with structural review,0.92
MARS-2025-126,Q2-2025,Operations,Automate Warehouse Allocation for EU Region,Process Optimization,EU device growth steady,Deploy AI-driven warehouse allocation tool.,Manual; Semi-auto; Full automation,Semi-auto,Improves speed without full disruption.,EU_Growth:+6%,Medium,Finance;R&D,+0.2%,0.81,Efficiency -> Cost Reduction -> Margin Support,Pending,Automation pilot underway.,warehouse;automation;eu,0.84,0.92,0.93,0.7,Finance cautious on rollout speed.,Proceed phased deployment,0.88
MARS-2025-127,Q2-2025,Finance,Rebalance Short-Term Investments Portfolio,Liquidity Management,Cash $28.1B,Adjust short-term securities mix to improve yield.,Maintain; Increase treasuries; Increase corporates,Increase treasuries,Preserves safety amid tariff uncertainty.,Cash:$28.1B; Rate:Elevated,Low,Legal,+0.1%,0.91,Yield Optimization -> Income Stability,Success,Portfolio mix adjusted.,cash;treasury;yield,0.98,0.45,0.6,0.8,Legal reviewed compliance.,Approve conservative reallocation,0.94
MARS-2025-128,Q2-2025,R&D,Enhance Wearables Health Algorithm Accuracy,Product Improvement,Wearables -5%,Improve sensor calibration via software update.,Ignore; Patch; New hardware,Patch,Improves trust without capex.,Wearables:-5%; Accuracy:+4%,Medium,Finance;Operations,+0.1%,0.76,UX Trust -> Device Sales Recovery,Pending,Calibration update in validation.,wearables;health;software,0.68,0.97,0.75,0.65,Finance avoided hardware redesign.,Deploy calibration update,0.86
MARS-2025-129,Q2-2025,Legal,Prepare Contingency for Escalating Trade Restrictions,Risk Planning,Ongoing tariff expansion risk,Draft contingency legal framework for additional trade barriers.,No action; Draft plan; Pre-file cases,Draft plan,Prepares company for policy shifts without escalation.,Tariff_Risk:High,High,Finance;Operations,-0.1%,0.8,Preparedness -> Risk Mitigation,Pending,Contingency framework drafted.,tariff;trade;legal,0.85,0.55,0.7,0.98,Finance preferred operational hedging only.,Approve contingency planning,0.9
MARS-2025-130,Q2-2025,Operations,Scale iPad Final Assembly Line B,Capacity Scaling,iPad +15% growth,Increase output capacity by adding second shift.,Maintain; Add shift; Add new line,Add shift,Meets demand without heavy capex.,iPad:+15%; Overtime:+8%,Medium,Finance;R&D,+0.3%,0.84,Capacity->Revenue Capture,Pending,Second shift activated.,ipad;capacity;ops,0.91,0.65,0.97,0.72,Finance cautious on overtime margin impact.,Approve second shift,0.92
MARS-2025-131,Q2-2025,Finance,Refine Services Churn Forecast Model,Revenue Planning,Subscription base expanding,Improve churn sensitivity assumptions.,Maintain; Update model; External audit,Update model,Improves retention forecasting accuracy.,Services:+12%; Churn:-1.2%,Low,Operations,+0.2%,0.93,Retention->Recurring Revenue,Success,Model recalibrated.,services;churn;finance,0.99,0.6,0.7,0.85,Ops aligned on metrics.,Approve forecast update,0.96
MARS-2025-132,Q2-2025,R&D,Optimize Apple Intelligence On-Device Inference,Performance Optimization,AI usage increasing,Improve neural engine efficiency.,Ignore; Patch; Hardware redesign,Patch,Reduces latency without new silicon.,Latency:-90ms; AI_Usage:+18%,Medium,Finance;Operations,+0.2%,0.82,UX->Engagement->Services Growth,Pending,Optimization in beta.,ai;inference;performance,0.87,0.98,0.8,0.75,Finance avoided hardware spend.,Deploy firmware optimization,0.91
MARS-2025-133,Q2-2025,Legal,Update Global Digital Content Licensing Terms,Contract Governance,Streaming hours rising,Revise licensing terms for new markets.,Maintain; Regional revise; Global revise,Regional revise,Balances cost control with flexibility.,Streaming:+9%,Medium,Finance;R&D,-0.1%,0.86,Contract Clarity->Cost Control,Pending,Negotiations ongoing.,licensing;legal;content,0.9,0.6,0.7,0.99,Finance wary of higher royalty rates.,Approve regional revision,0.93
MARS-2025-134,Q2-2025,Operations,Reduce MacBook Component Scrap Rate,Manufacturing Optimization,Yield variance observed,Improve scrap analytics to cut waste 2%.,Maintain; -2%; -5%,-2%,Improves COGS efficiency.,Scrap:-2%; Mac:+7%,Medium,Finance;R&D,+0.2%,0.85,Waste Reduction->Margin Lift,Pending,Analytics deployed.,mac;scrap;manufacturing,0.92,0.9,0.96,0.72,Finance validated ROI.,Approve 2% reduction target,0.93
MARS-2025-135,Q2-2025,Finance,Enhance Services Revenue Mix Reporting,Investor Transparency,Services GM 75.7%,Break out high-margin segments in reporting.,Maintain; Moderate detail; Expanded detail,Expanded detail,Supports valuation narrative.,Services_GM:75.7%,Low,Legal,+0.1%,0.94,Transparency->Investor Confidence,Success,Expanded disclosure issued.,services;reporting;finance,0.99,0.6,0.7,0.88,Legal reviewed disclosure language.,Approve expanded reporting,0.97
MARS-2025-136,Q2-2025,R&D,Improve iCloud Backup Speed,Product Reliability,User complaints on backup time,Optimize incremental backup logic.,Ignore; Patch; Redesign,Patch,Enhances user experience cost-effectively.,Backup_Time:-18%,Medium,Operations;Finance,+0.1%,0.81,Reliability->Retention,Success,Update rolled out.,icloud;backup;performance,0.8,0.98,0.85,0.7,Finance supported low-cost fix.,Deploy update,0.9
MARS-2025-137,Q2-2025,Legal,Standardize Global E-Waste Compliance Filings,Regulatory Alignment,ESG disclosures increasing,Align e-waste filings across markets.,Maintain; Partial align; Full align,Full align,Reduces ESG reporting risk.,ESG_Score:Improved,Low,Operations;Finance,-0.1%,0.88,Compliance->Brand Protection,Success,Filings standardized.,esg;ewaste;legal,0.9,0.6,0.7,0.99,Finance assessed reporting cost.,Approve global standardization,0.95
MARS-2025-138,Q2-2025,Operations,Increase MacBook QA Sampling for Peak Demand,Quality Assurance,Mac +7% and rising backlog,Increase QA sampling by 3%.,Maintain; +3%; +8%,+3%,Prevents defect surge.,QA_Sampling:+3%,Medium,Finance;R&D,-0.1%,0.83,Quality->Lower Warranty Cost,Pending,Sampling expanded.,mac;qa;quality,0.9,0.92,0.97,0.75,Finance cautious on throughput.,Approve moderate increase,0.92
MARS-2025-139,Q2-2025,Finance,Adjust FX Hedging Ratio for Euro Exposure,Risk Management,EUR volatility,Increase hedge ratio by 5%.,Maintain; +5%; +15%,+5%,Protects margin predictability.,EUR_Volatility:+12%,Medium,Legal,+0.1%,0.92,Hedge->EPS Stability,Success,Hedge adjusted.,fx;euro;finance,0.99,0.5,0.65,0.9,Ops neutral.,Approve 5% increase,0.96
MARS-2025-140,Q2-2025,R&D,Enhance Apple Maps AI Routing Efficiency,Product Enhancement,Usage growth in urban markets,Optimize traffic prediction model.,Ignore; Patch; Full retrain,Patch,Improves commute accuracy.,Routing_Accuracy:+5%,Medium,Finance;Operations,+0.2%,0.82,UX->Engagement->Services Growth,Success,Model updated.,maps;ai;routing,0.82,0.98,0.85,0.7,Finance avoided full retrain cost.,Deploy patch,0.91
MARS-2025-141,Q2-2025,Legal,Review App Store Developer Fee Transparency,Platform Governance,Developer feedback increasing,Clarify fee disclosure documentation.,Maintain; Minor; Full revision,Minor,Reduces dispute risk.,Developer_Complaints:+6%,Medium,Finance;R&D,-0.1%,0.87,Transparency->Platform Stability,Pending,Documentation updated.,appstore;fees;legal,0.9,0.6,0.7,0.99,R&D cautious on ecosystem friction.,Approve minor revision,0.94
MARS-2025-142,Q2-2025,Operations,Reduce Assembly Line Downtime via Predictive Alerts,Process Optimization,Yield variance across sites,Deploy alert system to cut downtime 4%.,Manual; Alert; Full AI,Alert,Improves throughput without overhaul.,Downtime:-4%,Medium,Finance;R&D,+0.2%,0.84,Efficiency->Margin Support,Pending,Alerts activated.,downtime;assembly;ops,0.92,0.9,0.96,0.75,Finance tracking ROI.,Approve alert rollout,0.93
MARS-2025-143,Q2-2025,Finance,Reassess Long-Term Services Pricing Elasticity,Strategic Modeling,ARPU growth stabilizing,Model elasticity for 1–3% price moves.,Maintain; Study; Adjust pricing,Study,Prepares for future adjustments.,ARPU:+2%,Low,Operations;Legal,0.0%,0.94,Pricing Insight->Margin Stability,Success,Elasticity study completed.,pricing;elasticity;finance,0.99,0.6,0.7,0.88,Legal ensured compliance review.,Complete elasticity study,0.97
MARS-2025-144,Q2-2025,R&D,Improve AirPods Adaptive Noise Algorithm,Feature Enhancement,Competitive pressure,Refine adaptive ANC algorithm.,Ignore; Patch; Hardware,Patch,Improves differentiation.,ANC_Effectiveness:+6%,Medium,Operations;Finance,+0.1%,0.82,Feature Gain->Accessory Sales,Success,Firmware released.,airpods;anc;algorithm,0.8,0.98,0.85,0.7,Finance avoided hardware change.,Deploy patch,0.91
MARS-2025-145,Q2-2025,Legal,Audit AI Training Data Consent Records,Privacy Compliance,Expanded AI models,Verify consent documentation completeness.,None; Partial; Full,Full,Mitigates privacy litigation risk.,AI_Data_Usage:+Expanded,High,Finance;R&D,-0.1%,0.91,Compliance->Brand Trust,Pending,Audit initiated.,ai;privacy;consent,0.92,0.6,0.7,0.99,Finance flagged audit cost.,Approve full audit,0.96
MARS-2025-146,Q2-2025,Operations,Increase Refurbished Device Grading Accuracy,After-Sales Optimization,Refurb segment growing,Improve grading AI to reduce misclassification.,Maintain; Patch; Redesign,Patch,Improves resale margin consistency.,Refurb_Margin:+2%,Medium,Finance;R&D,+0.2%,0.84,Accuracy->Margin Lift,Success,Algorithm updated.,refurb;grading;ops,0.94,0.92,0.97,0.75,Finance aligned on gains.,Deploy patch,0.93
MARS-2025-147,Q2-2025,Finance,Enhance Cash Flow Scenario Forecasting,Strategic Forecasting,OCF $53.9B first half,Expand downside scenario modeling.,Maintain; Expand; External review,Expand,Improves resilience planning.,OCF:$53.9B,Low,Operations;Legal,0.0%,0.95,Planning->Stability,Success,Scenario coverage expanded.,cashflow;forecast;finance,0.99,0.6,0.7,0.9,Minimal resistance.,Approve expanded modeling,0.97
MARS-2025-148,Q2-2025,R&D,Optimize macOS Memory Compression,Performance Optimization,User multitasking feedback,Improve memory compression efficiency.,Ignore; Patch; Redesign,Patch,Improves performance without hardware changes.,Memory_Usage:-8%,Medium,Operations;Finance,+0.1%,0.83,Performance->Upgrade Incentive,Success,Update deployed.,macos;memory;software,0.82,0.98,0.85,0.7,Finance avoided redesign cost.,Deploy update,0.91
MARS-2025-149,Q2-2025,Legal,Review Global Digital Tax Compliance,Regulatory Governance,Multi-region digital sales,Audit tax reporting compliance.,None; Regional; Global,Global,Prevents cross-border penalties.,Digital_Tax_Risk:Moderate,High,Finance, -0.1%,0.92,Compliance->Fine Avoidance,Pending,Tax audit initiated.,tax;compliance;legal,0.95,0.55,0.7,0.99,Finance coordinated disclosures.,Approve global audit,0.97
MARS-2025-150,Q2-2025,Operations,Reduce iPhone Assembly Cycle Time by 3%,Throughput Improvement,Stable iPhone demand,Streamline assembly steps to reduce cycle time.,Maintain; -3%; -7%,-3%,Improves production efficiency.,Cycle_Time:-3%,Medium,Finance;R&D,+0.2%,0.84,Efficiency->Margin Support,Pending,Process improvements active.,iphone;assembly;cycle,0.93,0.9,0.96,0.75,Finance cautious on defect risk.,Approve 3% reduction,0.93
MARS-2025-151,Q2-2025,Finance,Reaffirm Long-Term Capital Allocation Mix,Investor Strategy,"Revenue +5%, EPS +8%",Reconfirm balanced buyback + reinvestment mix.,Maintain; Increase buyback; Increase capex,Maintain,Signals disciplined capital strategy.,Revenue:+5%; EPS:+8%,Low,Operations;Legal,0.0%,0.96,Capital Stability->Investor Confidence,Success,Capital plan reaffirmed.,capital;allocation;finance,0.99,0.6,0.7,0.9,Ops favored more reinvestment.,Maintain balanced mix,0.98
